Module,Gene
Module_29124,PLEKHG4B
Module_29124,CCDC127
Module_29124,SDHA
Module_29124,PDCD6
Module_17289,MIER2
Module_17289,WASH5P
Module_17289,LINC01002
Module_22231,RBCK1
Module_22233,RBCK1
Module_22231,C20orf96
Module_22233,C20orf96
Module_22231,NRSN2
Module_22233,NRSN2
Module_22231,SOX12
Module_22233,SOX12
Module_22231,TBC1D20
Module_22233,TBC1D20
Module_22231,TRIB3
Module_22233,TRIB3
Module_12872,DECR2
Module_12872,MRPL28
Module_12872,NME4
Module_12872,TMEM8A
Module_12872,RAB11FIP3
Module_12872,AXIN1
Module_17298,CDC34
Module_17298,TPGS1
Module_17298,SHC2
Module_17298,C2CD4C
Module_17298,BSG
Module_7594,KDM5A
Module_7594,CCDC77
Module_7594,B4GALNT3
Module_7594,LOC100049716
Module_5502,DRD4
Module_5503,DRD4
Module_5502,IRF7
Module_5503,IRF7
Module_5502,TMEM80
Module_5503,TMEM80
Module_5514,TMEM80
Module_5516,TMEM80
Module_5502,EPS8L2
Module_5503,EPS8L2
Module_5514,EPS8L2
Module_5516,EPS8L2
Module_5502,DEAF1
Module_5503,DEAF1
Module_5514,DEAF1
Module_5516,DEAF1
Module_5503,PHRF1
Module_33302,PRKAR1B
Module_19434,TMEM18
Module_5514,PDDC1
Module_5516,PDDC1
Module_5514,TALDO1
Module_5515,TALDO1
Module_5516,TALDO1
Module_5532,POLR2L
Module_5532,TSPAN4
Module_19445,LOC101060391
Module_19445,SNTG2
Module_33322,COX19
Module_33334,COX19
Module_33322,GET4
Module_33322,ADAP1
Module_33334,ADAP1
Module_27482,DGKQ
Module_27482,FGFRL1
Module_33334,C7orf50
Module_33334,ZFAND2A
Module_33334,LOC101927021
Module_17370,POLR2E
Module_17370,ABCA7
Module_17370,GPX4
Module_12927,CACNA1H
Module_17388,EFNA2
Module_17388,CIRBP
Module_17388,CIRBP-AS1
Module_17388,STK11
Module_17388,C19orf24
Module_17388,MIDN
Module_17388,ATP5D
Module_17388,SBNO2
Module_22278,SDCBP2
Module_22278,SNPH
Module_22278,FKBP1A
Module_22278,TMEM74B
Module_17409,DAZAP1
Module_17409,GAMT
Module_17409,RPS15
Module_17409,NDUFS7
Module_12944,C16orf91
Module_12944,UNKL
Module_12944,GNPTG
Module_12944,TSR3
Module_12944,BAIAP3
Module_12944,UBE2I
Module_12944,CLCN7
Module_14450,INPP5K
Module_14450,RILP
Module_14450,SLC43A2
Module_14450,PITPNA-AS1
Module_33383,MAFK
Module_19461,PXDN
Module_35497,ARHGEF10
Module_35497,CLN8
Module_35497,KBTBD11
Module_35497,LOC101927752
Module_27505,FGFR3
Module_27514,FGFR3
Module_27505,TMEM129
Module_27505,SLBP
Module_27505,LETM1
Module_27514,LETM1
Module_17447,ADAT3
Module_17448,ADAT3
Module_17449,ADAT3
Module_17451,ADAT3
Module_17447,ATP8B3
Module_17447,REXO1
Module_17448,REXO1
Module_17449,REXO1
Module_17447,KLF16
Module_17448,KLF16
Module_17449,KLF16
Module_17448,CSNK1G2
Module_27514,C4orf48
Module_27514,NELFA
Module_14468,DPH1
Module_14468,OVCA2
Module_5592,MRPL23
Module_5592,H19
Module_17467,MKNK2
Module_17467,BTBD2
Module_17467,AP3D1
Module_132,LOC100129534
Module_27528,HAUS3
Module_27528,MXD4
Module_14481,TSR1
Module_14481,SGSM2
Module_14481,SRR
Module_14481,METTL16
Module_14481,SMG6
Module_141,PEX10
Module_142,PEX10
Module_142,MORN1
Module_142,RER1
Module_149,FAM213B
Module_150,FAM213B
Module_151,FAM213B
Module_157,FAM213B
Module_149,PANK4
Module_150,PANK4
Module_151,PANK4
Module_151,HES5
Module_33421,LFNG
Module_33422,LFNG
Module_33423,LFNG
Module_33424,LFNG
Module_33431,LFNG
Module_33424,IQCE
Module_33431,IQCE
Module_33424,BRAT1
Module_33431,BRAT1
Module_33424,CHST12
Module_27551,FAM193A
Module_14492,CLUH
Module_14494,CLUH
Module_14495,CLUH
Module_14492,RAP1GAP2
Module_14494,RAP1GAP2
Module_14495,RAP1GAP2
Module_33445,TTYH3
Module_29246,IRX2
Module_29246,C5orf38
Module_27560,TNIP2
Module_27561,TNIP2
Module_27560,SH3BP2
Module_27561,SH3BP2
Module_33451,GNA12
Module_31218,SERPINB1
Module_31239,SERPINB1
Module_31218,SERPINB9
Module_31239,SERPINB9
Module_5612,CDKN1C
Module_5613,CDKN1C
Module_5612,SLC22A18
Module_5613,SLC22A18
Module_5612,PHLDA2
Module_7646,FKBP4
Module_7646,ITFG2
Module_31239,BPHL
Module_31239,RIPK1
Module_31239,NQO2
Module_31239,SERPINB6
Module_31239,WRNIP1
Module_31239,LINC01011
Module_13016,KREMEN2
Module_13016,PAQR4
Module_3797,PFKP
Module_16534,LPIN2
Module_16534,EMILIN2
Module_16534,DLGAP1
Module_16539,DLGAP1
Module_16550,DLGAP1
Module_13027,HCFC1R1
Module_13027,IL32
Module_13027,PKMYT1
Module_13027,THOC6
Module_13027,TNFRSF12A
Module_13027,CLDN6
Module_13027,LOC100128770
Module_13027,MMP25
Module_7661,TEAD4
Module_7661,TULP3
Module_13041,ZNF205
Module_13041,ZNF213
Module_7675,TSPAN9
Module_27584,RGS12
Module_31266,SLC22A23
Module_31270,SLC22A23
Module_16539,TGIF1
Module_29251,IRX1
Module_16550,DLGAP1-AS1
Module_178,TP73
Module_179,TP73
Module_180,TP73
Module_178,WRAP73
Module_179,WRAP73
Module_180,WRAP73
Module_179,MEGF6
Module_179,TP73-AS1
Module_180,TP73-AS1
Module_38964,LOC389906
Module_38964,PRKX
Module_31290,PRPF4B
Module_31290,FAM50B
Module_31290,ECI2
Module_13064,ADCY9
Module_13070,ADCY9
Module_14543,UBE2G1
Module_14543,ANKFY1
Module_13070,TFAP4
Module_13070,VASN
Module_17605,FSD1
Module_17605,MPND
Module_17605,STAP2
Module_7688,CCND2
Module_17611,SH3GL1
Module_17613,SH3GL1
Module_17614,SH3GL1
Module_17616,SH3GL1
Module_17611,CHAF1A
Module_17613,CHAF1A
Module_17614,CHAF1A
Module_17616,CHAF1A
Module_17616,UBXN6
Module_17622,SEMA6B
Module_17625,SEMA6B
Module_17625,TNFAIP8L1
Module_33472,FOXK1
Module_25071,BHLHE40
Module_25071,ARL8B
Module_25083,ARL8B
Module_29267,ADAMTS16
Module_25083,EDEM1
Module_17649,PTPRS
Module_33488,TNRC18
Module_7703,NTF3
Module_7707,NTF3
Module_3833,NET1
Module_33503,FBXL18
Module_33506,FBXL18
Module_33507,FBXL18
Module_33508,FBXL18
Module_33512,FBXL18
Module_33503,ACTB
Module_33506,ACTB
Module_33507,ACTB
Module_33508,ACTB
Module_33512,ACTB
Module_33503,FSCN1
Module_33506,FSCN1
Module_33507,FSCN1
Module_33508,FSCN1
Module_33512,FSCN1
Module_33506,RNF216
Module_33508,RNF216
Module_33512,RNF216
Module_33506,CCZ1
Module_33508,CCZ1
Module_33512,CCZ1
Module_19481,SOX11
Module_14590,WSCD1
Module_14591,WSCD1
Module_7712,VWF
Module_38971,NLGN4X
Module_3853,RBM17
Module_3853,PFKFB3
Module_216,LINC00337
Module_217,LINC00337
Module_216,ICMT
Module_217,ICMT
Module_216,GPR153
Module_217,GPR153
Module_216,RPL22
Module_217,RPL22
Module_216,HES3
Module_217,HES3
Module_7720,CD9
Module_7728,TNFRSF1A
Module_7728,CD27-AS1
Module_7728,SCNN1A
Module_7728,LTBR
Module_7728,PLEKHG6
Module_237,ACOT7
Module_237,TNFRSF25
Module_246,TNFRSF25
Module_237,PLEKHG5
Module_246,PLEKHG5
Module_237,ESPN
Module_246,ESPN
Module_246,NOL9
Module_246,ZBTB48
Module_37159,GLDC
Module_37160,GLDC
Module_37159,KDM4C
Module_37160,KDM4C
Module_37165,KDM4C
Module_37166,KDM4C
Module_37159,UHRF2
Module_7753,NOP2
Module_7753,ING4
Module_7753,IFFO1
Module_7753,CHD4
Module_7753,SCARNA10
Module_7753,GAPDH
Module_17699,SH2D3A
Module_17700,SH2D3A
Module_17702,SH2D3A
Module_17699,TRIP10
Module_17700,TRIP10
Module_17702,TRIP10
Module_17699,C3
Module_17700,C3
Module_17702,C3
Module_31313,RREB1
Module_17704,ZNF557
Module_14624,ASGR1
Module_14624,DLG4
Module_14624,ACADVL
Module_14624,DVL2
Module_14624,PHF23
Module_14624,GABARAP
Module_14632,NEURL4
Module_14634,NEURL4
Module_14632,GPS2
Module_14634,GPS2
Module_14632,KCTD11
Module_14634,KCTD11
Module_14632,EIF5A
Module_14634,EIF5A
Module_14632,CLDN7
Module_14632,ACAP1
Module_14634,ACAP1
Module_14632,YBX2
Module_14634,YBX2
Module_14634,TNK1
Module_14634,SLC2A4
Module_17720,MCOLN1
Module_17720,PEX11G
Module_17720,PNPLA6
Module_17720,ZNF358
Module_17720,CAMSAP3
Module_17720,PET100
Module_17720,STXBP2
Module_14663,NAA38
Module_14664,NAA38
Module_14663,CYB5D1
Module_14664,CYB5D1
Module_14663,TMEM88
Module_14664,TMEM88
Module_14663,CHD3
Module_14664,CHD3
Module_7795,GDF3
Module_7795,DPPA3
Module_27715,AFAP1
Module_14694,AURKB
Module_14694,PFAS
Module_14694,TMEM107
Module_5714,LMO1
Module_5718,LMO1
Module_5719,LMO1
Module_5720,LMO1
Module_5714,RIC3
Module_5715,RIC3
Module_5719,RIC3
Module_16609,RAB12
Module_16612,RAB12
Module_19497,ID2
Module_19499,ID2
Module_7828,A2ML1
Module_7835,A2ML1
Module_7828,LINC00937
Module_7828,PHC1
Module_7835,PHC1
Module_7828,RIMKLB
Module_7835,RIMKLB
Module_7828,MFAP5
Module_7835,MFAP5
Module_5735,ST5
Module_5735,TMEM9B
Module_5740,TMEM9B
Module_5741,TMEM9B
Module_5735,NRIP3
Module_5740,NRIP3
Module_5741,NRIP3
Module_5735,TMEM9B-AS1
Module_5740,TMEM9B-AS1
Module_5741,TMEM9B-AS1
Module_5735,AKIP1
Module_13161,PMM2
Module_13161,ABAT
Module_13161,CARHSP1
Module_13161,TMEM186
Module_13161,METTL22
Module_13161,USP7
Module_13175,USP7
Module_7835,M6PR
Module_7835,KLRG1
Module_25092,RAD18
Module_5740,SCUBE2
Module_5741,SCUBE2
Module_13175,C16orf72
Module_17790,ZNF317
Module_16631,RALBP1
Module_16631,TWSG1
Module_16631,RAB31
Module_16631,PPP4R1
Module_29300,SEMA5A
Module_29300,SNHG18
Module_14717,USP43
Module_14717,STX8
Module_5754,SWAP70
Module_5754,WEE1
Module_5754,IPO7
Module_325,PIK3CD
Module_329,CLSTN1
Module_329,CTNNBIP1
Module_329,NMNAT1
Module_19531,TAF1B
Module_19531,GRHL1
Module_349,KIF1B
Module_349,RBP7
Module_16648,APCDD1
Module_16648,NAPG
Module_353,DFFA
Module_353,PEX14
Module_33576,PHF14
Module_33576,NDUFA4
Module_19575,KCNF1
Module_17869,YIPF2
Module_17869,SMARCA4
Module_17872,SMARCA4
Module_17872,SPC24
Module_17872,LDLR
Module_16659,GNAL
Module_16659,CHMP1B
Module_22462,BTBD3
Module_22463,BTBD3
Module_389,CLCN6
Module_389,KIAA2013
Module_389,PLOD1
Module_389,MIIP
Module_389,MTHFR
Module_389,MFN2
Module_389,NPPB
Module_389,TNFRSF8
Module_31395,HIVEP1
Module_31395,EDN1
Module_31395,PHACTR1
Module_31408,PHACTR1
Module_5790,MICAL2
Module_5791,MICAL2
Module_5790,DKK3
Module_5791,DKK3
Module_16691,TUBB6
Module_16691,AFG3L2
Module_406,DHRS3
Module_7885,DUSP16
Module_7885,CREBL2
Module_14746,ELAC2
Module_17971,TRMT1
Module_17974,TRMT1
Module_17978,TRMT1
Module_17971,NACC1
Module_17974,NACC1
Module_17978,NACC1
Module_17974,IER2
Module_17978,IER2
Module_17974,STX10
Module_17978,STX10
Module_3918,SEPHS1
Module_3918,BEND7
Module_3918,PHYH
Module_3918,UCMA
Module_3918,PRPF18
Module_3918,MCM10
Module_3918,OPTN
Module_17996,CC2D1A
Module_17996,ZSWIM4
Module_17996,MRI1
Module_17996,LOC284454
Module_17996,C19orf57
Module_17996,C19orf53
Module_17996,CCDC130
Module_33600,ETV1
Module_29330,TRIO
Module_7917,ATF7IP
Module_25225,SLC6A6
Module_7926,WBP11
Module_7927,WBP11
Module_7926,C12orf60
Module_7927,C12orf60
Module_7926,ARHGDIB
Module_7927,ARHGDIB
Module_7926,PLBD1
Module_7927,PLBD1
Module_7926,HIST4H4
Module_7927,HIST4H4
Module_7927,H2AFJ
Module_18072,AKAP8
Module_18072,AKAP8L
Module_18072,BRD4
Module_27779,CC2D2A
Module_27779,FBXL5
Module_27779,FAM200B
Module_29347,FBXL7
Module_29348,FBXL7
Module_435,AGMAT
Module_435,CASP9
Module_435,DNAJC16
Module_435,EFHD2
Module_435,PLEKHM2
Module_447,PLEKHM2
Module_448,PLEKHM2
Module_435,DDI2
Module_14776,ADORA2B
Module_14776,MEIS3P1
Module_14779,MEIS3P1
Module_14776,ZSWIM7
Module_14776,TTC19
Module_14776,TRIM16
Module_14776,TVP23C-CDRT4
Module_14776,TVP23C
Module_14776,ZNF286A
Module_25266,ANKRD28
Module_31454,MYLIP
Module_19633,MYCN
Module_19633,MYCNOS
Module_14779,CENPV
Module_14783,CENPV
Module_14779,UBB
Module_14779,PIGL
Module_447,SPEN
Module_448,SPEN
Module_447,FBLIM1
Module_448,FBLIM1
Module_447,ZBTB17
Module_448,ZBTB17
Module_454,ZBTB17
Module_457,ZBTB17
Module_447,FLJ37453
Module_448,FLJ37453
Module_3968,PTER
Module_457,EPHA2
Module_458,EPHA2
Module_7949,LMO3
Module_27808,LDB2
Module_18103,MYO9B
Module_18103,HAUS8
Module_31460,RBM24
Module_18110,BABAM1
Module_18111,BABAM1
Module_18117,BABAM1
Module_18110,NR2F6
Module_18111,NR2F6
Module_18110,USE1
Module_18111,USE1
Module_18110,USHBP1
Module_18111,USHBP1
Module_18117,USHBP1
Module_18110,OCEL1
Module_18111,OCEL1
Module_18117,MRPL34
Module_18117,ANO8
Module_18117,DDA1
Module_18117,GTPBP3
Module_18117,ABHD8
Module_23954,TPTEP1
Module_23956,TPTEP1
Module_23957,TPTEP1
Module_23988,TPTEP1
Module_23954,IL17RA
Module_23956,IL17RA
Module_23954,CECR2
Module_23956,CECR2
Module_23957,CECR2
Module_23954,CECR6
Module_23956,CECR6
Module_23957,CECR6
Module_23954,SLC25A18
Module_497,RCC2
Module_18142,UNC13A
Module_14849,LLGL1
Module_14849,FLII
Module_14849,ALKBH5
Module_18185,RAB3A
Module_18185,MPV17L2
Module_18185,IFI30
Module_18185,PIK3R2
Module_18185,JUND
Module_18195,JUND
Module_18185,PDE4C
Module_18195,PDE4C
Module_31478,RNF144B
Module_18195,PGPEP1
Module_18195,LSM4
Module_518,IGSF21
Module_25299,SATB1
Module_23988,MICAL3
Module_23988,PEX26
Module_23988,USP18
Module_23988,BID
Module_18212,GDF15
Module_18212,SSBP4
Module_18212,ISYNA1
Module_16721,GREB1L
Module_16723,GREB1L
Module_16724,GREB1L
Module_5891,ZDHHC13
Module_18246,RFXANK
Module_18246,MEF2B
Module_18246,TMEM161A
Module_18246,NR2C2AP
Module_24013,C22orf39
Module_24013,CDC45
Module_24013,MRPL40
Module_24013,CLDN5
Module_37245,ACER2
Module_37245,RPS6
Module_18258,MAU2
Module_18258,SUGP1
Module_18258,GATAD2A
Module_18262,NDUFA13
Module_18262,YJEFN3
Module_18262,TSSK6
Module_18262,CILP2
Module_5910,NAV2
Module_5911,NAV2
Module_14900,SPECC1
Module_35674,LZTS1
Module_35681,LZTS1
Module_35674,ATP6V1B2
Module_35674,LPL
Module_565,OTUD3
Module_565,TMCO4
Module_5914,DBX1
Module_5917,DBX1
Module_5917,HTATIP2
Module_5918,HTATIP2
Module_5919,HTATIP2
Module_5922,HTATIP2
Module_5922,PRMT3
Module_31487,CDKAL1
Module_31490,CDKAL1
Module_31487,E2F3
Module_31487,MBOAT1
Module_19687,RHOB
Module_583,PINK1
Module_583,CDA
Module_583,DDOST
Module_24078,LZTR1
Module_24078,CRKL
Module_24078,THAP7
Module_24078,PI4KA
Module_24078,THAP7-AS1
Module_24078,AIFM3
Module_13366,CRYM
Module_10411,ARHGEF40
Module_10411,HNRNPC
Module_10411,LINC00641
Module_10411,METTL17
Module_10411,ZNF219
Module_10411,NDRG2
Module_10411,TMEM253
Module_4016,MLLT10
Module_4016,CASC10
Module_4016,SKIDA1
Module_39136,SMS
Module_39136,YY2
Module_10430,CHD8
Module_10430,RAB2B
Module_10430,SALL2
Module_10430,METTL3
Module_10430,SUPT16H
Module_10430,TOX4
Module_18304,ZNF492
Module_24107,PPM1F
Module_24107,MAPK1
Module_24107,TOP3B
Module_24107,PI4KAP2
Module_24107,YPEL1
Module_33669,RAPGEF5
Module_13391,RRN3P3
Module_13392,RRN3P3
Module_13391,NPIPB5
Module_13392,NPIPB5
Module_13391,SMG1P1
Module_13392,SMG1P1
Module_13391,HS3ST2
Module_13392,HS3ST2
Module_13392,CDR2
Module_35744,RHOBTB2
Module_35744,TNFRSF10B
Module_35752,TNFRSF10B
Module_35752,TNFRSF10C
Module_35752,TNFRSF10D
Module_10443,MRPL52
Module_10443,MMP14
Module_10443,SLC7A7
Module_10443,LRP10
Module_10443,OXA1L
Module_10443,RBM23
Module_10457,RBM23
Module_10443,REM2
Module_22552,NAPB
Module_10457,ACIN1
Module_10457,C14orf93
Module_10457,CDH24
Module_10457,C14orf119
Module_10457,PRMT5
Module_10457,HAUS4
Module_10457,AJUBA
Module_10457,PSMB5
Module_24138,BCR
Module_24138,GNAZ
Module_24138,RAB36
Module_678,HTR1D
Module_678,HNRNPR
Module_678,LUZP1
Module_35781,STC1
Module_35781,NKX3-1
Module_4047,OTUD1
Module_10478,HOMEZ
Module_10479,HOMEZ
Module_10480,HOMEZ
Module_10481,HOMEZ
Module_10484,HOMEZ
Module_10480,BCL2L2-PABPN1
Module_10481,BCL2L2-PABPN1
Module_10484,BCL2L2-PABPN1
Module_10480,BCL2L2
Module_10481,BCL2L2
Module_10484,BCL2L2
Module_10481,PABPN1
Module_10484,PABPN1
Module_10484,SLC7A8
Module_10484,NGDN
Module_10484,EFS
Module_10484,SLC22A17
Module_10484,CMTM5
Module_37276,ELAVL2
Module_37277,ELAVL2
Module_688,ASAP3
Module_688,ID3
Module_689,ID3
Module_688,E2F2
Module_689,E2F2
Module_688,RPL11
Module_16773,KCTD1
Module_16781,KCTD1
Module_24148,C22orf15
Module_24148,SMARCB1
Module_24148,DDT
Module_24152,DDT
Module_24148,DERL3
Module_24148,LOC391322
Module_24152,LOC391322
Module_24148,MMP11
Module_24148,MIF
Module_24148,GUSBP11
Module_24148,SLC2A11
Module_24148,ZNF70
Module_24148,DDTL
Module_24152,DDTL
Module_24148,RGL4
Module_24148,CHCHD10
Module_24148,GSTT1
Module_24152,GSTT1
Module_9592,TNFRSF19
Module_9593,TNFRSF19
Module_19707,ATAD2B
Module_19707,TP53I3
Module_19707,FKBP1B
Module_19707,UBXN2A
Module_19707,ITSN2
Module_19710,ITSN2
Module_19707,NCOA1
Module_19710,NCOA1
Module_19707,FAM228B
Module_31525,MRS2
Module_31526,MRS2
Module_31525,GPLD1
Module_31525,ALDH5A1
Module_7990,SOX5
Module_22561,SYNDIG1
Module_703,IFNLR1
Module_703,SRSF10
Module_27840,SOD3
Module_27840,DHX15
Module_10520,IPO4
Module_10520,MDP1
Module_10520,TM9SF1
Module_711,STPG1
Module_711,RCAN3
Module_711,NIPAL3
Module_33742,OSBPL3
Module_33742,DFNA5
Module_33742,CYCS
Module_718,CLIC4
Module_718,SRRM1
Module_35806,DOCK5
Module_35807,DOCK5
Module_27852,SEPSECS
Module_24180,KIAA1671
Module_24180,SGSM1
Module_24180,LRP5L
Module_19731,DNMT3A
Module_19731,POMC
Module_25330,NGLY1
Module_25330,OXSM
Module_31551,TRIM38
Module_27872,SEL1L3
Module_27874,SEL1L3
Module_27872,SMIM20
Module_27874,SMIM20
Module_750,PAQR7
Module_750,STMN1
Module_750,MTFR1L
Module_750,AUNIP
Module_33757,CBX3
Module_33757,HNRNPA2B1
Module_33757,NFE2L3
Module_35816,PNMA2
Module_35816,BNIP3L
Module_35816,SDAD1P1
Module_35816,PPP2R2A
Module_27878,TBC1D19
Module_27878,RBPJ
Module_769,CEP85
Module_769,SH3BGRL3
Module_769,CD52
Module_791,HMGN2
Module_792,HMGN2
Module_792,RPS6KA1
Module_795,RPS6KA1
Module_792,DHDDS
Module_795,ARID1A
Module_19770,SLC35F6
Module_19770,CENPA
Module_33770,SKAP2
Module_11614,GABRA5
Module_11614,GABRB3
Module_19777,MAPRE3
Module_19777,DPYSL5
Module_14990,SEZ6
Module_14990,PHF12
Module_817,TRNP1
Module_817,FAM46B
Module_4075,MASTL
Module_4075,ANKRD26
Module_4075,YME1L1
Module_35852,SCARA3
Module_35852,ESCO2
Module_35852,CCDC25
Module_25336,SLC4A7
Module_828,TMEM222
Module_828,SYTL1
Module_828,WDTC1
Module_828,MAP3K6
Module_5958,LINC00678
Module_5965,LINC00678
Module_5967,LINC00678
Module_5958,BDNF
Module_5965,BDNF
Module_5967,BDNF
Module_5965,LIN7C
Module_5967,LIN7C
Module_5965,LGR4
Module_5965,METTL15
Module_5965,CCDC34
Module_5965,KIF18A
Module_852,AHDC1
Module_854,AHDC1
Module_859,AHDC1
Module_868,AHDC1
Module_859,IFI6
Module_868,IFI6
Module_859,FAM76A
Module_11626,HERC2
Module_11633,HERC2
Module_33781,JAZF1
Module_33782,JAZF1
Module_33782,CREB5
Module_893,MED18
Module_893,SNHG3
Module_893,SESN2
Module_893,RCC1
Module_9665,PAN3
Module_9669,PAN3
Module_13463,LAT
Module_13463,NUPR1
Module_13463,NFATC2IP
Module_13463,RABEP2
Module_13463,ATXN2L
Module_13463,SPNS1
Module_13463,SH2B1
Module_13463,SULT1A1
Module_13463,TUFM
Module_15042,GOSR1
Module_15042,SUZ12P1
Module_15042,CPD
Module_15042,CRLF3
Module_15042,ATAD5
Module_901,GMEB1
Module_901,RAB42
Module_901,TAF12
Module_901,SNHG12
Module_9669,FLT1
Module_9670,FLT1
Module_11633,HERC2P9
Module_11633,APBA2
Module_35890,DUSP4
Module_24262,ZNRF3
Module_24272,ZNRF3
Module_24262,XBP1
Module_24262,TTC28
Module_8030,ERGIC2
Module_8030,FAR2
Module_8033,FAR2
Module_8039,FAR2
Module_24272,ZNRF3-AS1
Module_8039,TMTC1
Module_13517,DCTPP1
Module_13518,DCTPP1
Module_13517,CD2BP2
Module_13518,CD2BP2
Module_13517,ZNF48
Module_13518,ZNF48
Module_13517,TBC1D10B
Module_13518,TBC1D10B
Module_24322,LIF
Module_22631,CCM2L
Module_22631,TM9SF4
Module_22631,HCK
Module_22631,TSPY26P
Module_22631,POFUT1
Module_22631,KIF3B
Module_22643,KIF3B
Module_22644,KIF3B
Module_22645,KIF3B
Module_22631,PLAGL2
Module_22631,DUSP15
Module_13530,ZNF689
Module_13530,FBRS
Module_13530,PRR14
Module_13530,SRCAP
Module_13531,SRCAP
Module_13530,LOC730183
Module_13530,ZNF785
Module_13530,PHKG2
Module_13531,PHKG2
Module_13530,ZNF688
Module_27887,PCDH7
Module_13531,ZNF629
Module_13531,RNF40
Module_24342,SEC14L2
Module_24342,TBC1D10A
Module_24342,MTFP1
Module_24342,RNF215
Module_24342,SEC14L4
Module_24342,GAL3ST1
Module_13535,BCL7C
Module_13535,FBXL19
Module_22643,ASXL1
Module_22644,ASXL1
Module_22645,ASXL1
Module_13554,PRSS8
Module_13554,KAT8
Module_13554,VKORC1
Module_13561,PYDC1
Module_13561,TRIM72
Module_13561,PYCARD
Module_11670,ARHGAP11B
Module_11679,ARHGAP11B
Module_11670,MTMR10
Module_24362,RNF185
Module_24362,SMTN
Module_24362,INPP5J
Module_24362,MORC2
Module_24362,MORC2-AS1
Module_24362,LIMK2
Module_24381,LIMK2
Module_24362,PLA2G3
Module_11679,KLF13
Module_945,PUM1
Module_945,NKAIN1
Module_945,SNRNP40
Module_945,ZCCHC17
Module_945,SDC3
Module_24381,DRG1
Module_24381,PATZ1
Module_24381,PIK3IP1
Module_8072,AMN1
Module_18361,TSHZ3
Module_18362,TSHZ3
Module_5991,RCN1
Module_8077,KIAA1551
Module_973,COL16A1
Module_973,PEF1
Module_973,TINAGL1
Module_973,SPOCD1
Module_983,SPOCD1
Module_16822,DTNA
Module_29419,MTMR12
Module_29419,GOLPH3
Module_37310,ACO1
Module_35921,NRG1
Module_8082,YARS2
Module_8082,FGD4
Module_8082,DNM1L
Module_8082,ALG10
Module_8082,PKP2
Module_995,MTMR9LP
Module_998,MTMR9LP
Module_995,IQCC
Module_995,LCK
Module_998,LCK
Module_995,EIF3I
Module_998,EIF3I
Module_995,HDAC1
Module_998,HDAC1
Module_1002,HDAC1
Module_995,TXLNA
Module_995,TMEM234
Module_998,TMEM234
Module_995,CCDC28B
Module_995,KPNA6
Module_995,MARCKSL1
Module_1002,MARCKSL1
Module_1002,ZBTB8B
Module_1002,BSDC1
Module_1002,TSSK3
Module_25375,CNOT10
Module_25378,CNOT10
Module_25385,CNOT10
Module_25375,TRIM71
Module_25378,TRIM71
Module_25385,TRIM71
Module_23538,LOC150051
Module_23538,TIAM1
Module_33892,RP9
Module_33892,FKBP9
Module_33892,BBS9
Module_33892,NT5C3A
Module_33892,ZNRF2P1
Module_33892,LINC00997
Module_19862,LTBP1
Module_1015,KIAA1522
Module_1016,KIAA1522
Module_1019,KIAA1522
Module_1021,KIAA1522
Module_1016,YARS
Module_1019,YARS
Module_1021,YARS
Module_1016,S100PBP
Module_1019,S100PBP
Module_1021,S100PBP
Module_1016,RBBP4
Module_1016,ZBTB8OS
Module_6015,LINC00294
Module_6015,CSTF3
Module_6015,HIPK3
Module_15115,LIG3
Module_15115,RAD51D
Module_15115,FNDC8
Module_15115,NLE1
Module_15115,RFFL
Module_15115,ZNF830
Module_15115,SLFN5
Module_15115,CCT6B
Module_16869,GALNT1
Module_6017,CD59
Module_23563,MIS18A
Module_23563,URB1
Module_31699,LEMD2
Module_1051,ZNF362
Module_1054,ZNF362
Module_1051,PHC2
Module_1054,PHC2
Module_1055,PHC2
Module_1054,ZSCAN20
Module_1055,ZSCAN20
Module_29445,ADAMTS12
Module_29446,ADAMTS12
Module_29446,AMACR
Module_31714,GRM4
Module_9745,RFC3
Module_9745,PDS5B
Module_9745,N4BP2L2
Module_31729,HMGA1
Module_31729,C6orf1
Module_18417,CHST8
Module_18417,KCTD15
Module_22758,SCAND1
Module_22758,EPB41L1
Module_22766,EPB41L1
Module_37359,CNTFR
Module_37361,CNTFR
Module_37359,RPP25L
Module_37361,RPP25L
Module_37359,DCTN3
Module_37361,DCTN3
Module_37359,ENHO
Module_37361,ENHO
Module_23596,CRYZL1
Module_23596,ITSN1
Module_22777,MYL9
Module_11722,AQR
Module_11723,AQR
Module_1072,DLGAP3
Module_1072,SMIM12
Module_31769,TEAD3
Module_31769,TULP1
Module_31769,RPL10A
Module_31769,PPARD
Module_31769,FANCE
Module_9749,NBEA
Module_6042,PAMR1
Module_31783,CLPSL2
Module_31783,SRPK1
Module_15160,ACACA
Module_15160,TADA2A
Module_15160,DUSP14
Module_37410,GBA2
Module_37410,NPR2
Module_37410,CREB3
Module_37410,TLN1
Module_37410,TPM2
Module_37410,TMEM8B
Module_24438,TOM1
Module_24438,HMOX1
Module_24438,MCM5
Module_22814,RPN2
Module_22815,RPN2
Module_22814,SRC
Module_22815,SRC
Module_22831,SRC
Module_22832,SRC
Module_22814,RBL1
Module_18466,DMKN
Module_18466,TMEM147
Module_18466,GAPDHS
Module_6058,LDLRAD3
Module_6061,LDLRAD3
Module_22831,NNAT
Module_22831,BLCAP
Module_6061,COMMD9
Module_6081,COMMD9
Module_1094,C1orf216
Module_1098,C1orf216
Module_1094,PSMB2
Module_1098,PSMB2
Module_1098,AGO4
Module_1098,CLSPN
Module_18480,PSENEN
Module_18480,IGFLR1
Module_18480,U2AF1L4
Module_18480,LIN37
Module_18480,UPK1A-AS1
Module_18480,ARHGAP33
Module_18480,ZBTB32
Module_22845,CTNNBL1
Module_18496,LRFN3
Module_18496,APLP1
Module_18496,KIRREL2
Module_18496,NFKBID
Module_18496,HCST
Module_9757,DCLK1
Module_9760,DCLK1
Module_9761,DCLK1
Module_6081,TRAF6
Module_6081,PRR5L
Module_6081,C11orf74
Module_37438,MELK
Module_37438,RNF38
Module_9760,SOHLH2
Module_9761,SOHLH2
Module_9761,SPG20
Module_9761,CCDC169
Module_29489,SLC1A3
Module_31823,PPIL1
Module_31823,C6orf89
Module_33923,ELMO1
Module_33926,ELMO1
Module_33927,ELMO1
Module_33928,ELMO1
Module_31836,PIM1
Module_31836,TBC1D22B
Module_31836,RNF8
Module_31836,CMTR1
Module_31852,CMTR1
Module_22868,PPP1R16B
Module_22868,ACTR5
Module_19897,NDUFAF7
Module_19902,NDUFAF7
Module_19897,CEBPZ
Module_19902,CEBPZ
Module_19897,GPATCH11
Module_19902,GPATCH11
Module_19897,PRKD3
Module_19902,PRKD3
Module_19897,QPCT
Module_19902,QPCT
Module_19897,HEATR5B
Module_19902,HEATR5B
Module_23630,SETD4
Module_23630,CBR1
Module_23630,DOPEY2
Module_31852,CCDC167
Module_37462,FBXO10
Module_37462,TOMM5
Module_24501,C1QTNF6
Module_15255,ERBB2
Module_15255,PGAP3
Module_15255,MIEN1
Module_15255,PNMT
Module_15255,GRB7
Module_24521,CDC42EP1
Module_24521,CARD10
Module_1152,RSPO1
Module_1152,CDCA8
Module_1152,C1orf109
Module_24536,EIF3L
Module_24536,TRIOBP
Module_24536,ANKRD54
Module_24536,GCAT
Module_24536,H1F0
Module_23642,HLCS
Module_23642,PIGP
Module_23642,TTC3
Module_24548,POLR2F
Module_24551,POLR2F
Module_24548,C22orf23
Module_24551,C22orf23
Module_24548,SOX10
Module_24551,SOX10
Module_24561,PICK1
Module_1175,POU3F1
Module_1175,FHL3
Module_11738,SPRED1
Module_24589,CSNK1E
Module_24589,TMEM184B
Module_24589,LOC400927
Module_36015,TM2D2
Module_36015,ADAM9
Module_36015,TACC1
Module_27921,KLHL5
Module_27921,FAM114A1
Module_27921,WDR19
Module_27921,RFC1
Module_18566,ACTN4
Module_18567,ACTN4
Module_18566,EIF3K
Module_18567,EIF3K
Module_18566,MAP4K1
Module_18567,MAP4K1
Module_9789,FREM2
Module_1185,AKIRIN1
Module_18581,FBXO27
Module_18581,FBXO17
Module_27931,UGDH-AS1
Module_27931,LIAS
Module_27931,RPL9
Module_1196,NDUFS5
Module_24642,PDGFB
Module_22887,PLCG1
Module_36028,IDO1
Module_24670,MGAT3
Module_11747,EIF2AK4
Module_11747,GPR176
Module_27949,RHOH
Module_27949,CHRNA9
Module_22899,CHD6
Module_11758,SRP14-AS1
Module_11761,SRP14-AS1
Module_11758,SRP14
Module_11761,SRP14
Module_11761,BMF
Module_11761,BUB1B
Module_24690,FAM83F
Module_24690,LOC100130899
Module_15396,NAGLU
Module_11798,RPUSD2
Module_11798,C15orf57
Module_11798,CHST14
Module_15407,CNTNAP1
Module_15407,TUBG2
Module_15407,CCR10
Module_15407,PLEKHH3
Module_15407,FAM134C
Module_15407,TUBG1
Module_15407,EZH1
Module_15407,RAMP2
Module_15407,RAMP2-AS1
Module_18630,C19orf47
Module_18630,PLD3
Module_18630,BLVRB
Module_18630,SERTAD3
Module_18630,PRX
Module_18630,SERTAD1
Module_18630,AKT2
Module_18647,LTBP4
Module_18647,SHKBP1
Module_18647,NUMBL
Module_36059,SFRP1
Module_11829,CHAC1
Module_9813,ELF1
Module_9813,WBP4
Module_9813,MRPS31
Module_9813,FOXO1
Module_9813,SLC25A15
Module_27978,UCHL1
Module_27978,LIMCH1
Module_24724,SLC25A17
Module_24724,RBX1
Module_24725,RBX1
Module_24726,RBX1
Module_24724,ST13
Module_24725,ST13
Module_24724,EP300
Module_24725,EP300
Module_24726,EP300
Module_24726,L3MBTL2
Module_24728,L3MBTL2
Module_24730,L3MBTL2
Module_31901,MDFI
Module_31904,MDFI
Module_31901,FOXP4
Module_15428,ETV4
Module_15428,DHX8
Module_36073,ANK1
Module_36074,ANK1
Module_24730,ZC3H7B
Module_24735,ZC3H7B
Module_24730,RANGAP1
Module_24735,RANGAP1
Module_31912,TFEB
Module_31912,TOMM6
Module_24735,PHF5A
Module_24735,TOB2
Module_24735,TEF
Module_11836,TYRO3
Module_11841,TYRO3
Module_11836,RPAP1
Module_11841,RPAP1
Module_11841,MGA
Module_31936,GUCA1A
Module_31936,C6orf132
Module_31936,MRPS10
Module_31936,TAF8
Module_33971,GLI3
Module_19958,PKDCC
Module_19964,PKDCC
Module_15462,ASB16-AS1
Module_15463,ASB16-AS1
Module_15462,UBTF
Module_15463,UBTF
Module_15462,C17orf53
Module_15463,C17orf53
Module_15462,TMUB2
Module_15463,TMUB2
Module_15462,ATXN7L3
Module_15463,ATXN7L3
Module_15462,HDAC5
Module_15463,HDAC5
Module_24755,CENPM
Module_24755,SEPT3
Module_16908,SETBP1
Module_16909,SETBP1
Module_15469,RUNDC3A
Module_9825,AKAP11
Module_9825,VWA8
Module_9827,VWA8
Module_9825,DGKH
Module_9827,DGKH
Module_9837,DGKH
Module_15492,FZD2
Module_18720,GSK3A
Module_18720,ERF
Module_18720,CIC
Module_18720,DEDD2
Module_18720,ZNF526
Module_18720,PAFAH1B3
Module_18720,MEGF8
Module_18720,PRR19
Module_8147,PRICKLE1
Module_24802,CYB5R3
Module_24802,SERHL2
Module_24802,POLDIP3
Module_24802,A4GALT
Module_24810,A4GALT
Module_24802,RRP7A
Module_9837,TNFSF11
Module_11872,TTBK2
Module_15529,PLCD3
Module_15530,PLCD3
Module_15533,PLCD3
Module_15529,ACBD4
Module_15530,ACBD4
Module_15533,ACBD4
Module_15529,HEXIM2
Module_15530,HEXIM2
Module_15533,HEXIM2
Module_15533,MAP3K14-AS1
Module_15533,NMT1
Module_15533,DCAKD
Module_31997,TJAP1
Module_32000,TJAP1
Module_31997,ABCC10
Module_32000,ABCC10
Module_31997,ZNF318
Module_31997,POLR1C
Module_31997,CRIP3
Module_24824,TSPO
Module_24824,PACSIN2
Module_24824,BIK
Module_24824,MCAT
Module_24824,TTLL1
Module_1264,SLC2A1
Module_1264,SLC2A1-AS1
Module_32020,VEGFA
Module_32020,MRPS18A
Module_4190,ZNF239
Module_4190,HNRNPF
Module_4190,RASGEF1A
Module_4190,ZNF32
Module_4190,ZNF485
Module_4190,RET
Module_32031,C6orf223
Module_23744,PDE9A
Module_23744,SLC37A1
Module_23744,TMPRSS3
Module_6104,ALKBH3
Module_6104,C11orf96
Module_23763,PKNOX1
Module_23764,PKNOX1
Module_23765,PKNOX1
Module_23763,WDR4
Module_23765,WDR4
Module_23763,NDUFV3
Module_23764,NDUFV3
Module_23765,NDUFV3
Module_20008,PPM1B
Module_22977,TNNC2
Module_22977,ACOT8
Module_22977,ZSWIM1
Module_22977,ZSWIM3
Module_22977,SNX21
Module_22977,UBE2C
Module_22977,CTSA
Module_1306,DPH2
Module_1306,SLC6A9
Module_1306,ATP6V0B
Module_1306,B4GALT2
Module_1306,CCDC24
Module_1306,IPO13
Module_16926,HDHD2
Module_16932,HDHD2
Module_16926,IER3IP1
Module_16932,IER3IP1
Module_16933,IER3IP1
Module_16926,KATNAL2
Module_6125,TSPAN18
Module_4208,CXCL12
Module_1319,RNF220
Module_1321,RNF220
Module_1319,ERI3
Module_1321,ERI3
Module_6147,TP53I11
Module_6148,TP53I11
Module_1323,KIF2C
Module_1338,KIF2C
Module_1323,TMEM53
Module_9871,NUFIP1
Module_9871,SERP2
Module_9871,TSC22D1
Module_1338,RPS8
Module_1338,PLK3
Module_24905,PHF21B
Module_24907,NUP50
Module_34056,ADCY1
Module_24918,KIAA0930
Module_24918,FAM118A
Module_25571,LIMD1-AS1
Module_25571,SACM1L
Module_15568,NPEPPS
Module_15568,TBKBP1
Module_15568,KPNB1
Module_15568,OSBPL7
Module_24923,FBLN1
Module_24924,FBLN1
Module_6176,MAPK8IP1
Module_6177,MAPK8IP1
Module_6176,PEX16
Module_6177,PEX16
Module_6177,CRY2
Module_6177,PHF21A
Module_23031,ZMYND8
Module_23031,LOC100131496
Module_18822,PPM1N
Module_18822,RTN2
Module_18822,VASP
Module_15587,CDK5RAP3
Module_15589,CDK5RAP3
Module_15597,CDK5RAP3
Module_15589,PRR15L
Module_15589,PNPO
Module_15589,NFE2L1
Module_15597,NFE2L1
Module_18829,EML2
Module_18829,OPA3
Module_15597,CBX1
Module_15597,SNX11
Module_25576,TDGF1
Module_25579,TDGF1
Module_25584,TDGF1
Module_25576,LRRC2
Module_25579,LRRC2
Module_25584,LRRC2
Module_1366,LURAP1
Module_1366,POMGNT1
Module_1366,RAD54L
Module_1366,PIK3R3
Module_1366,UQCRH
Module_1366,LRRC41
Module_32076,SLC25A27
Module_32076,PLA2G7
Module_23893,COL18A1
Module_23893,COL18A1-AS1
Module_23893,COL18A1-AS2
Module_23893,SLC19A1
Module_24945,CELSR1
Module_24948,CELSR1
Module_24945,GRAMD4
Module_1383,DMBX1
Module_13583,DNAJA2
Module_13583,GPT2
Module_6224,C11orf49
Module_16959,RPL17-C18orf32
Module_16961,RPL17-C18orf32
Module_16959,RPL17
Module_16961,RPL17
Module_16959,DYM
Module_16961,DYM
Module_16959,C18orf32
Module_16961,C18orf32
Module_16959,LIPG
Module_16961,LIPG
Module_1393,MKNK1
Module_15612,SNF8
Module_15614,SNF8
Module_15612,ATP5G1
Module_15614,ATP5G1
Module_15612,CALCOCO2
Module_15614,CALCOCO2
Module_15612,UBE2Z
Module_15614,UBE2Z
Module_15612,IGF2BP1
Module_15614,IGF2BP1
Module_15614,TTLL6
Module_6226,PACSIN3
Module_18892,SLC1A5
Module_18893,SLC1A5
Module_18897,SLC1A5
Module_18892,STRN4
Module_18893,STRN4
Module_18892,FKRP
Module_18893,FKRP
Module_18897,AP2S1
Module_18897,ARHGAP35
Module_23053,PREX1
Module_23057,PREX1
Module_32081,CD2AP
Module_6248,KBTBD4
Module_6248,PSMC3
Module_6248,CELF1
Module_6248,NDUFS3
Module_6248,MTCH2
Module_6248,FNBP4
Module_6248,C1QTNF4
Module_18911,ZC3H4
Module_18913,ZC3H4
Module_18911,TMEM160
Module_18911,SAE1
Module_18913,SAE1
Module_18915,SAE1
Module_18914,BBC3
Module_18915,BBC3
Module_18916,BBC3
Module_18915,DHX34
Module_6257,PTPRJ
Module_16994,MAPK4
Module_16994,ME2
Module_15672,COL1A1
Module_15675,TMEM92
Module_8210,COL2A1
Module_8213,COL2A1
Module_8210,TMEM106C
Module_25640,ATRIP
Module_25640,SHISA5
Module_25640,PFKFB4
Module_25640,CCDC51
Module_25640,TMA7
Module_25640,PLXNB1
Module_25640,COL7A1
Module_8216,SENP1
Module_8216,ASB8
Module_8216,PFKM
Module_36116,CEBPD
Module_23108,TMEM189
Module_23111,TMEM189
Module_23108,CEBPB
Module_23111,CEBPB
Module_24973,FAM19A5
Module_20074,STON1
Module_18975,TMEM143
Module_18983,TMEM143
Module_18975,ZNF114
Module_18975,EMP3
Module_18975,CARD8
Module_18975,KDELR1
Module_18983,KDELR1
Module_18983,GRIN2D
Module_18983,GRWD1
Module_18990,GRWD1
Module_18990,LMTK3
Module_18990,CYTH2
Module_8228,DDX23
Module_8232,DDX23
Module_8228,CACNB3
Module_8232,CACNB3
Module_8228,ADCY6
Module_8232,ADCY6
Module_8228,RND1
Module_8232,RND1
Module_25669,KLHDC8B
Module_25669,CCDC71
Module_25669,LAMB2
Module_19020,FUT1
Module_19020,RASIP1
Module_19020,BCAT2
Module_19020,FUT2
Module_19020,FGF21
Module_19020,IZUMO1
Module_19020,HSD17B14
Module_8232,ARF3
Module_8237,ARF3
Module_8248,ARF3
Module_8232,FKBP11
Module_8237,FKBP11
Module_8248,FKBP11
Module_32084,CENPQ
Module_32085,CENPQ
Module_32087,CENPQ
Module_32087,C6orf141
Module_8248,TUBA1A
Module_8261,TUBA1A
Module_8248,TUBA1B
Module_8248,LMBR1L
Module_8248,PRKAG1
Module_8248,RHEBL1
Module_8248,KMT2D
Module_8248,TUBA1C
Module_8261,TUBA1C
Module_23143,ADNP
Module_23148,ADNP
Module_23143,BCAS4
Module_23143,MOCS3
Module_23148,MOCS3
Module_23143,KCNG1
Module_23148,KCNG1
Module_23143,DPM1
Module_23148,DPM1
Module_23143,PARD6B
Module_19053,PPFIA3
Module_19054,PPFIA3
Module_19053,TRPM4
Module_19054,TRPM4
Module_19053,HRC
Module_19054,HRC
Module_19053,C19orf73
Module_19054,C19orf73
Module_19053,LIN7B
Module_19054,LIN7B
Module_8261,TROAP
Module_4281,ARHGAP22
Module_4281,MAPK8
Module_19067,PIH1D1
Module_19067,RPL13A
Module_19067,ALDH16A1
Module_19067,RPS11
Module_19067,FCGRT
Module_8273,MCRS1
Module_10620,RPL36AL
Module_10620,DNAAF2
Module_10620,POLE2
Module_10620,MGAT2
Module_10620,RPS29
Module_10620,LRR1
Module_25705,SEMA3F
Module_8291,BCDIN3D
Module_25713,RBM5-AS1
Module_25719,RBM5-AS1
Module_25713,RBM5
Module_25719,RBM5
Module_25719,CACNA2D2
Module_25725,CACNA2D2
Module_25719,TMEM115
Module_25719,CYB561D2
Module_25719,NPRL2
Module_34095,FIGNL1
Module_34095,GRB10
Module_34129,GRB10
Module_13651,ADCY7
Module_13651,BRD7
Module_13651,NKD1
Module_25725,HEMK1
Module_25725,C3orf18
Module_9936,TRIM13
Module_9936,DLEU1
Module_9936,SPRYD7
Module_25733,MAPKAPK3
Module_19109,MYH14
Module_19109,IZUMO2
Module_23163,ZFP64
Module_11945,USP8
Module_13664,SALL1
Module_13665,SALL1
Module_13666,SALL1
Module_13664,CYLD
Module_34123,COBL
Module_34129,COBL
Module_8314,SMAGP
Module_9952,LINC00371
Module_9966,LINC00371
Module_9952,FAM124A
Module_9966,FAM124A
Module_19163,VSIG10L
Module_19164,VSIG10L
Module_19163,ETFB
Module_19164,ETFB
Module_19163,IGLON5
Module_19164,IGLON5
Module_19163,LIM2
Module_19164,LIM2
Module_9966,WDFY2
Module_1435,EPS15
Module_1441,EPS15
Module_1435,TTC39A
Module_29576,ITGA2
Module_29576,PELO
Module_29576,ITGA1
Module_1441,OSBPL9
Module_25767,POC1A
Module_25767,ALAS1
Module_8323,FIGNL2
Module_8324,FIGNL2
Module_8326,FIGNL2
Module_8332,FIGNL2
Module_8332,ACVR1B
Module_25775,GLYCTK
Module_25775,WDR82
Module_19173,ZNF577
Module_19174,ZNF577
Module_19173,ZNF649
Module_19174,ZNF649
Module_19173,ZNF613
Module_19174,ZNF613
Module_8341,NR4A1
Module_8341,GRASP
Module_32118,ICK
Module_32119,ICK
Module_32118,FBXO9
Module_32119,FBXO9
Module_32118,GSTA4
Module_11971,ONECUT1
Module_11971,FAM214A
Module_11971,WDR72
Module_1464,ZYG11B
Module_1466,ZYG11B
Module_4319,CSTF2T
Module_4320,CSTF2T
Module_9993,HNRNPA1L2
Module_9993,PCDH8
Module_8371,IGFBP6
Module_8371,SPRYD3
Module_8371,EIF4B
Module_8371,LOC283335
Module_8387,CSAD
Module_8387,ZNF740
Module_8387,RARG
Module_8391,RARG
Module_8387,ESPL1
Module_8391,ESPL1
Module_8387,MFSD5
Module_8391,MFSD5
Module_1479,CPT2
Module_1484,CPT2
Module_1479,MAGOH
Module_1484,MAGOH
Module_1479,C1orf123
Module_1484,C1orf123
Module_1479,LRP8
Module_1484,LRP8
Module_1486,LRP8
Module_8399,MAP3K12
Module_8399,PCBP2
Module_8399,TARBP2
Module_8399,PRR13
Module_19223,CACNG7
Module_19237,CACNG7
Module_19223,MYADM
Module_19223,NLRP12
Module_19223,PRKCG
Module_19237,CACNG6
Module_8415,SMUG1
Module_8424,SMUG1
Module_8424,CBX5
Module_8424,COPZ1
Module_8432,COPZ1
Module_8424,HNRNPA1
Module_8424,HNRNPA1P10
Module_8424,NFE2
Module_29611,SKIV2L2
Module_29611,SLC38A9
Module_29612,SLC38A9
Module_29611,DHX29
Module_1504,MRPL37
Module_1504,CYB5RL
Module_29612,RNF138P1
Module_20091,SPTBN1
Module_36139,TCEA1
Module_8447,ITGA5
Module_15730,SCPEP1
Module_15730,COIL
Module_1516,TTC4
Module_1516,ACOT11
Module_10702,CGRRF1
Module_10702,SAMD4A
Module_10702,GMFB
Module_10702,CDKN3
Module_15744,MSI2
Module_34147,LANCL2
Module_34147,VOPP1
Module_11992,PIGB
Module_11992,CCPG1
Module_11992,RSL24D1
Module_11992,DYX1C1
Module_19277,PPP1R12C
Module_19284,PPP1R12C
Module_19284,TNNI3
Module_19284,TNNT1
Module_19284,DNAAF3
Module_19291,PPP6R1
Module_23202,BMP7
Module_23203,BMP7
Module_23202,CTCFL
Module_23203,CTCFL
Module_23203,MTRNR2L3
Module_17063,NEDD4L
Module_15765,MRPS23
Module_15765,CUEDC1
Module_12007,PRTG
Module_19340,EPN1
Module_19347,EPN1
Module_19340,ZNF579
Module_19347,ZNF579
Module_19340,ZNF524
Module_19347,ZNF524
Module_19340,ZNF581
Module_19347,ZNF581
Module_19340,FIZ1
Module_19347,FIZ1
Module_19340,ZNF784
Module_19347,ZNF784
Module_19340,SBK2
Module_19340,U2AF2
Module_19347,U2AF2
Module_19340,CCDC106
Module_19347,CCDC106
Module_8469,CD63
Module_8469,ITGA7
Module_8469,SARNP
Module_8469,ORMDL2
Module_8469,GDF11
Module_8469,BLOC1S1
Module_8469,BLOC1S1-RDH5
Module_8469,RDH5
Module_8469,METTL7B
Module_8469,DNAJC14
Module_8469,TMEM198B
Module_28090,SRD5A3
Module_8476,CDK2
Module_8476,RAB5B
Module_8476,SUOX
Module_8476,RPS26
Module_8476,PMEL
Module_8476,DGKA
Module_8476,ERBB3
Module_17086,ZNF532
Module_17086,MALT1
Module_17086,SEC11C
Module_17086,ALPK2
Module_28109,EXOC1
Module_28109,KIAA1211
Module_28109,CEP135
Module_25867,IL17RD
Module_25867,HESX1
Module_6272,RTN4RL2
Module_6277,RTN4RL2
Module_6278,RTN4RL2
Module_6280,RTN4RL2
Module_6272,SLC43A3
Module_6277,SLC43A3
Module_6278,SLC43A3
Module_6280,SLC43A3
Module_6272,TIMM10
Module_6277,TIMM10
Module_6278,TIMM10
Module_6280,TIMM10
Module_6289,TIMM10
Module_6272,SLC43A1
Module_6277,SLC43A1
Module_6278,SLC43A1
Module_6280,SLC43A1
Module_6289,SLC43A1
Module_6280,UBE2L6
Module_6289,UBE2L6
Module_6289,ZDHHC5
Module_6296,ZDHHC5
Module_6289,CLP1
Module_6296,CLP1
Module_6289,TMX2
Module_6296,TMX2
Module_6289,CTNND1
Module_6289,MED19
Module_6296,MED19
Module_6289,SERPING1
Module_6296,SERPING1
Module_8515,TAC3
Module_8515,NAB2
Module_8517,NAB2
Module_8515,STAT6
Module_8517,STAT6
Module_8515,ZBTB39
Module_17106,PMAIP1
Module_12029,CGNL1
Module_25879,SLMAP
Module_25884,SLMAP
Module_25892,SLMAP
Module_25901,SLMAP
Module_25879,DENND6A
Module_25879,ARF4
Module_25879,PDE12
Module_10740,EXOC5
Module_10740,AP5M1
Module_28128,REST
Module_28128,POLR2B
Module_28128,NOA1
Module_8543,GLI1
Module_8543,MARS
Module_8543,INHBE
Module_8543,DDIT3
Module_8543,R3HDM2
Module_8543,DCTN2
Module_8543,KIF5A
Module_8543,ARHGAP9
Module_15824,RPS6KB1
Module_15824,TUBD1
Module_25892,FLNB
Module_25901,FLNB
Module_13785,USB1
Module_13785,ZNF319
Module_13785,MMP15
Module_15830,HEATR6
Module_15830,CA4
Module_13804,GINS3
Module_25921,KCTD6
Module_25927,KCTD6
Module_13810,NDRG4
Module_13810,SETD6
Module_19392,ZNF606
Module_10748,C14orf37
Module_19398,ZNF544
Module_19398,ZNF274
Module_19398,ZNF329
Module_19398,ZSCAN18
Module_19398,ZNF135
Module_13818,GOT2
Module_1551,MYSM1
Module_17113,RNF152
Module_17115,RNF152
Module_12055,MYO1E
Module_36210,TOX
Module_29650,ELOVL7
Module_29650,DEPDC1B
Module_29650,NDUFAF2
Module_12063,FOXB1
Module_15862,MRC2
Module_15862,METTL2A
Module_15862,TLK2
Module_15862,MARCH10
Module_10015,DIAPH3
Module_10021,DIAPH3
Module_20129,BCL11A
Module_20129,PAPOLG
Module_23308,HRH3
Module_23308,MTG2
Module_23308,OSBPL2
Module_12076,RORA
Module_12076,ANXA2
Module_23317,CABLES2
Module_23317,ADRM1
Module_23317,RPS21
Module_23317,LAMA5
Module_10021,TDRD3
Module_10777,SIX4
Module_10778,SIX4
Module_10777,MNAT1
Module_10778,MNAT1
Module_6358,SYT7
Module_6358,DAGLA
Module_6368,DAGLA
Module_23363,DIDO1
Module_23363,SLC17A9
Module_23363,TCFL5
Module_23363,GID8
Module_36221,CHD7
Module_36221,RAB2A
Module_36221,CA8
Module_6368,FADS3
Module_6368,FADS1
Module_6368,TMEM258
Module_6368,FADS2
Module_6368,FEN1
Module_10780,TMEM30B
Module_23428,GMEB2
Module_23428,ZGPAT
Module_23437,ZGPAT
Module_23428,ZBTB46
Module_23437,ZBTB46
Module_23451,ZBTB46
Module_23428,ARFRP1
Module_23437,ARFRP1
Module_23428,RTEL1
Module_23428,HELZ2
Module_23428,STMN3
Module_23428,TNFRSF6B
Module_23437,TNFRSF6B
Module_6390,AHNAK
Module_6390,TUT1
Module_6390,EEF1G
Module_23437,SLC2A4RG
Module_23437,LIME1
Module_25946,C3orf14
Module_25946,PTPRG-AS1
Module_6401,GNG3
Module_6401,TTC9C
Module_6401,ZBTB3
Module_6401,UBXN1
Module_6401,METTL12
Module_6401,BSCL2
Module_6401,GANAB
Module_6401,POLR2G
Module_6401,TAF6L
Module_23451,DNAJC5
Module_23451,TPD52L2
Module_23451,ABHD16B
Module_1571,L1TD1
Module_25950,LINC00698
Module_25950,CADPS
Module_4371,TMEM26
Module_20165,LOC100132215
Module_6419,C11orf95
Module_6419,C11orf84
Module_6431,C11orf84
Module_6419,MARK2
Module_6430,MARK2
Module_6431,MARK2
Module_6419,RTN3
Module_15927,AXIN2
Module_15931,AXIN2
Module_15932,AXIN2
Module_15927,CEP112
Module_15931,CEP112
Module_15932,CEP112
Module_6430,NAA40
Module_6431,NAA40
Module_6432,NAA40
Module_6430,COX8A
Module_6431,COX8A
Module_6430,RCOR2
Module_6431,RCOR2
Module_6432,RCOR2
Module_6430,OTUB1
Module_6431,OTUB1
Module_1582,FOXD3
Module_1582,ALG6
Module_25968,ATXN7
Module_25968,THOC7
Module_25968,PSMD6
Module_25968,PRICKLE2-AS3
Module_29686,FAM159B
Module_29686,SREK1IP1
Module_6449,GPR137
Module_6451,GPR137
Module_6449,VEGFB
Module_6451,VEGFB
Module_6449,DNAJC4
Module_6451,DNAJC4
Module_6449,PLCB3
Module_6451,PLCB3
Module_6449,STIP1
Module_6449,FKBP2
Module_6451,FKBP2
Module_6449,TRPT1
Module_6451,TRPT1
Module_6449,NUDT22
Module_6451,NUDT22
Module_6449,BAD
Module_6451,BAD
Module_6449,PPP1R14B
Module_6451,PPP1R14B
Module_6451,TRMT112
Module_6451,ESRRA
Module_6451,PRDX5
Module_20182,WDPCP
Module_20182,UGP2
Module_20182,VPS54
Module_20182,PELI1
Module_20182,MDH1
Module_12118,HERC1
Module_1597,ROR1
Module_1597,ITGB3BP
Module_1597,EFCAB7
Module_1597,PGM1
Module_32196,PHF3
Module_6473,PYGM
Module_6474,PYGM
Module_6473,RASGRP2
Module_6474,RASGRP2
Module_6473,NRXN2
Module_6473,SF1
Module_6474,SF1
Module_6474,MAP4K2
Module_6474,MEN1
Module_25988,ADAMTS9
Module_10801,AKAP5
Module_10802,AKAP5
Module_10805,AKAP5
Module_10801,MTHFD1
Module_10802,MTHFD1
Module_10805,MTHFD1
Module_20200,SERTAD2
Module_20202,SERTAD2
Module_20200,AFTPH
Module_10805,HSPA2
Module_10805,ZBTB1
Module_10805,ZBTB25
Module_6503,SLC22A20
Module_6503,POLA2
Module_6503,CAPN1
Module_12144,PIF1
Module_12147,PIF1
Module_12144,RBPMS2
Module_12147,RBPMS2
Module_12144,PLEKHO2
Module_12147,PLEKHO2
Module_12144,SPG21
Module_12144,OAZ2
Module_12144,ZNF609
Module_29697,SREK1
Module_29697,NLN
Module_29697,CENPK
Module_29697,SGTB
Module_29697,PPWD1
Module_29697,TRIM23
Module_6519,MALAT1
Module_6520,MALAT1
Module_6519,NEAT1
Module_6519,SCYL1
Module_6520,SCYL1
Module_4395,REEP3
Module_4395,JMJD1C
Module_1626,AK4
Module_1626,JAK1
Module_1626,DNAJC6
Module_1637,DNAJC6
Module_12173,PARP16
Module_12175,PARP16
Module_12175,IGDCC3
Module_12176,IGDCC3
Module_12175,IGDCC4
Module_15955,NOL11
Module_10842,FUT8
Module_6575,BRMS1
Module_6575,CNIH2
Module_6575,RIN1
Module_6575,YIF1A
Module_6575,RAB1B
Module_6575,SLC29A2
Module_6575,CD248
Module_15970,WIPI1
Module_26001,LRIG1
Module_6604,RCE1
Module_6604,LRFN4
Module_36267,PDE7A
Module_36267,ARMC1
Module_36267,MTFR1
Module_12203,ZWILCH
Module_12203,SNAPC5
Module_12203,RPL4
Module_12203,LCTL
Module_10846,GPHN
Module_6634,CORO1B
Module_6634,RPS6KB2
Module_6634,PTPRCAP
Module_6634,PPP1CA
Module_6634,TMEM134
Module_13863,E2F4
Module_13863,KIAA0895L
Module_13863,B3GNT9
Module_13863,PLEKHG4
Module_13863,ELMO3
Module_13863,TMEM208
Module_13863,FHOD1
Module_13863,NOL3
Module_13863,C16orf70
Module_13863,SLC9A5
Module_12219,SMAD3
Module_6639,GSTP1
Module_15996,MAP2K6
Module_8632,GRIP1
Module_8632,CAND1
Module_29712,PIK3R1
Module_20230,ETAA1
Module_20233,ETAA1
Module_20234,ETAA1
Module_13878,ATP6V0D1
Module_13878,CTCF
Module_29717,SLC30A5
Module_6677,GAL
Module_6683,GAL
Module_6683,CPT1A
Module_8636,MDM1
Module_13917,CDH1
Module_13927,CDH1
Module_13917,ZFP90
Module_13917,CDH3
Module_1675,WLS
Module_13927,TANGO6
Module_12257,ANP32A
Module_20247,ANTXR1
Module_10869,ACTN1
Module_13945,NFAT5
Module_13946,NFAT5
Module_4406,DNAJC12
Module_4406,SIRT1
Module_4408,SIRT1
Module_4413,HERC4
Module_10888,CCDC177
Module_10891,CCDC177
Module_10888,ERH
Module_10898,SRSF5
Module_36296,SULF1
Module_10905,SMOC1
Module_12288,TLE3
Module_13960,IL34
Module_13974,IL34
Module_13960,DDX19B
Module_13960,EXOSC6
Module_13960,DDX19A
Module_13960,COG4
Module_13960,PDPR
Module_13960,SF3B3
Module_13960,AARS
Module_13960,ST3GAL2
Module_13960,FUK
Module_13960,LOC100506083
Module_4437,HK1
Module_4437,TSPAN15
Module_4437,SUPV3L1
Module_10929,TTC9
Module_36312,TRAM1
Module_36312,NCOA2
Module_36312,XKR9
Module_29743,MAP1B
Module_37526,CBWD6
Module_37576,CBWD6
Module_37578,CBWD6
Module_37597,CBWD6
Module_37526,PGM5P2
Module_37576,PGM5P2
Module_37578,PGM5P2
Module_37597,PGM5P2
Module_37526,FAM122A
Module_37526,PIP5K1B
Module_29744,PTCD2
Module_29744,MRPS27
Module_28155,RUFY3
Module_28155,GRSF1
Module_16033,SDK2
Module_6777,LRTOMT
Module_6777,ANAPC15
Module_6780,ANAPC15
Module_6777,NUMA1
Module_6777,ALG1L9P
Module_6777,LAMTOR1
Module_6777,LOC100133315
Module_14014,MARVELD3
Module_14014,AP1G1
Module_14014,PHLPP2
Module_14014,ATXN1L
Module_14014,CHST4
Module_26047,GPR27
Module_26047,PROK2
Module_10937,SIPA1L1
Module_10941,SIPA1L1
Module_34216,CALN1
Module_6780,INPPL1
Module_17175,CYB5A
Module_4474,LRRC20
Module_6804,ARAP1
Module_37567,C9orf135
Module_37567,PTAR1
Module_16081,RAB37
Module_16081,NAT9
Module_16081,SLC9A3R1
Module_16081,TMEM104
Module_16081,FDXR
Module_16097,CDR2L
Module_16097,HID1
Module_16097,SLC16A5
Module_16097,KCTD2
Module_16098,KCTD2
Module_16097,ATP5H
Module_16098,ATP5H
Module_16097,ARMC7
Module_37576,SMC5
Module_37578,SMC5
Module_37576,TRPM3
Module_37578,TRPM3
Module_37597,TRPM3
Module_20323,EMX1
Module_20323,SPR
Module_20329,SPR
Module_20323,SFXN5
Module_20329,SFXN5
Module_20329,RAB11FIP5
Module_20329,SMYD5
Module_20343,SMYD5
Module_20329,CCT7
Module_20342,CCT7
Module_20343,CCT7
Module_20329,PRADC1
Module_20342,PRADC1
Module_20343,PRADC1
Module_6848,PLEKHB1
Module_6853,PLEKHB1
Module_6853,MRPL48
Module_6853,UCP2
Module_6853,RAB6A
Module_6853,PAAF1
Module_6853,COA4
Module_6853,FAM168A
Module_20342,FBXO41
Module_20343,FBXO41
Module_20343,ALMS1
Module_10027,KLF5
Module_12321,HCN4
Module_16121,SAP30BP
Module_16121,RECQL5
Module_10958,PSEN1
Module_10958,PAPLN
Module_10958,LOC101928123
Module_10958,ZFYVE1
Module_10958,RBM25
Module_36329,TERF1
Module_32239,KHDC1
Module_32240,KHDC1
Module_32239,MB21D1
Module_32240,MB21D1
Module_32239,MTO1
Module_32240,MTO1
Module_4559,DDIT4
Module_4559,ASCC1
Module_4559,ANAPC16
Module_4559,DNAJB12
Module_10970,DNAL1
Module_10970,ACOT2
Module_10970,PNMA1
Module_10970,ACOT1
Module_10970,ACOT4
Module_16151,EXOC7
Module_16153,EXOC7
Module_16151,FOXJ1
Module_16153,FOXJ1
Module_16153,RNF157
Module_20351,DGUOK
Module_20351,STAMBP
Module_20351,ACTG2
Module_20351,DUSP11
Module_20351,TPRKB
Module_20351,TET3
Module_20351,DGUOK-AS1
Module_20351,C2orf78
Module_28179,AFP
Module_37599,TMEM2
Module_12344,STRA6
Module_4572,MCU
Module_20366,SLC4A5
Module_20366,WDR54
Module_20366,C2orf81
Module_20366,DCTN1
Module_20366,RTKN
Module_20366,MOGS
Module_20366,INO80B
Module_20366,WBP1
Module_20366,CCDC142
Module_10030,KLF12
Module_17234,MBP
Module_28186,CXCL6
Module_28186,CXCL3
Module_28186,CXCL1
Module_28186,CXCL5
Module_28186,CXCL2
Module_12375,CLK3
Module_12375,ARID3B
Module_12375,UBL7
Module_12375,UBL7-AS1
Module_20383,POLE4
Module_20383,SEMA4F
Module_12390,SCAMP2
Module_12390,ULK3
Module_6890,GDPD5
Module_6895,GDPD5
Module_6895,SERPINH1
Module_6895,MAP6
Module_14049,BCAR1
Module_14049,ZFP1
Module_4580,MYOZ1
Module_4580,AGAP5
Module_4580,USP54
Module_4580,BMS1P4
Module_4580,SEC24C
Module_16233,LOC100507351
Module_14059,CFDP1
Module_14059,TMEM231
Module_14062,TMEM231
Module_14059,TERF2IP
Module_14062,TERF2IP
Module_14059,CHST6
Module_14059,KARS
Module_14062,KARS
Module_14059,ADAT1
Module_14062,ADAT1
Module_14059,TMEM170A
Module_4600,C10orf55
Module_4600,PLAU
Module_29800,IQGAP2
Module_12415,MAN2C1
Module_12415,SIN3A
Module_12415,PTPN9
Module_12421,PTPN9
Module_12415,NEIL1
Module_12415,COMMD4
Module_12415,GOLGA6C
Module_20392,MRPL19
Module_20392,GCFC2
Module_37628,ANXA1
Module_12421,IMP3
Module_12421,SNUPN
Module_12421,SNX33
Module_16239,TNRC6C
Module_32267,COX7A2
Module_32267,TMEM30A
Module_32267,COL12A1
Module_32267,FILIP1
Module_11050,TTLL5
Module_11050,C14orf1
Module_11050,FLVCR2
Module_8700,PHLDA1
Module_8701,PHLDA1
Module_8700,KRR1
Module_8701,KRR1
Module_8701,GLIPR1
Module_10038,LMO7
Module_11055,GPATCH2L
Module_11060,GPATCH2L
Module_11055,IFT43
Module_12450,ETFA
Module_12450,ISL2
Module_26102,ZNF717
Module_17249,ATP9B
Module_4624,VDAC2
Module_4624,COMTD1
Module_37634,RORB
Module_12451,RCN2
Module_12451,SCAPER
Module_12451,TSPAN3
Module_14067,SYCE1L
Module_11093,ZDHHC22
Module_36371,ZFHX4
Module_36372,ZFHX4
Module_11101,POMT2
Module_11101,SAMD15
Module_11101,TMED8
Module_11101,GSTZ1
Module_29832,LHFPL2
Module_29832,SCAMP1
Module_10055,MYCBP2
Module_12461,LINGO1
Module_16341,TBC1D16
Module_16341,CCDC40
Module_11102,SPTLC2
Module_28235,CCNG2
Module_28236,CCNG2
Module_28238,CCNG2
Module_28239,CCNG2
Module_28235,CCNI
Module_28235,SEPT11
Module_6964,GAB2
Module_6964,NARS2
Module_16356,SLC26A11
Module_16356,SGSH
Module_10062,EDNRB
Module_10070,EDNRB
Module_10062,SLAIN1
Module_10070,SLAIN1
Module_29842,ARSB
Module_29842,JMY
Module_16363,ENDOV
Module_16363,RPTOR
Module_16363,NPTX1
Module_29856,THBS4
Module_29856,MTX3
Module_16395,SLC38A10
Module_26122,LOC101927374
Module_28253,ANXA3
Module_16444,ASPSCR1
Module_16444,LRRC45
Module_16452,FASN
Module_16452,DUS1L
Module_16452,DCXR
Module_16452,RFNG
Module_16452,GPS1
Module_37681,GNA14
Module_29873,RASGRF2
Module_32312,TTK
Module_32312,ELOVL4
Module_4654,ZMIZ1
Module_10092,SPRY2
Module_8752,MYF6
Module_8759,ACSS3
Module_8759,LIN7A
Module_14101,GAN
Module_14101,PKD1L2
Module_29899,ATP6AP1L
Module_29899,RPS23
Module_11110,SEL1L
Module_11119,SEL1L
Module_11110,GTF2A1
Module_11110,STON2
Module_11119,STON2
Module_11110,LOC101928504
Module_4707,TSPAN14
Module_4707,FAM213A
Module_4707,MAT1A
Module_4707,DYDC2
Module_4707,PLAC9
Module_29900,XRCC4
Module_29900,TMEM167A
Module_8766,CCDC59
Module_8766,METTL25
Module_29906,VCAN
Module_32325,TPBG
Module_32325,IBTK
Module_34408,SEMA3E
Module_34409,SEMA3E
Module_1747,TTLL7
Module_1747,PRKACB
Module_1747,SAMD13
Module_14170,TLDC1
Module_32340,MRAP2
Module_32344,MRAP2
Module_1761,SSX2IP
Module_1761,CTBS
Module_1761,GNG5
Module_1761,RPF1
Module_12592,LOC642423
Module_12593,LOC642423
Module_12592,NMB
Module_12593,NMB
Module_12592,ZSCAN2
Module_12593,ZSCAN2
Module_12592,UBE2Q2P1
Module_12593,UBE2Q2P1
Module_12592,WDR73
Module_12593,WDR73
Module_12592,SCAND2P
Module_12593,SCAND2P
Module_12593,LOC440300
Module_20440,RETSAT
Module_20440,ELMOD3
Module_20440,TCF7L1
Module_20440,TGOLN2
Module_28289,CDS1
Module_14216,GINS2
Module_14216,GSE1
Module_14216,EMC8
Module_14216,COX4I1
Module_14216,C16orf74
Module_28296,WDFY3
Module_29916,COX7C
Module_7003,ME3
Module_7005,ME3
Module_8778,NTS
Module_7005,PRSS23
Module_8781,MGAT4C
Module_8803,MGAT4C
Module_1792,ODF2L
Module_28309,PTPN13
Module_34439,ADAM22
Module_34439,DBF4
Module_34439,SLC25A40
Module_14297,SLC7A5
Module_7017,RAB38
Module_7017,CTSC
Module_14300,ZC3H18
Module_14306,ZC3H18
Module_20496,LOC654342
Module_20499,LOC654342
Module_20501,LOC654342
Module_20510,LOC654342
Module_20517,LOC654342
Module_20496,THNSL2
Module_20496,FOXI3
Module_20499,FOXI3
Module_20501,FOXI3
Module_14306,MVD
Module_14306,SNAI3-AS1
Module_14306,CYBA
Module_14306,SNAI3
Module_14306,RNF166
Module_14306,CTU2
Module_28334,SPP1
Module_28335,SPP1
Module_28336,SPP1
Module_28337,SPP1
Module_28336,PKD2
Module_20510,ANKRD36BP2
Module_1807,GTF2B
Module_32385,LOC101928936
Module_36452,MMP16
Module_4747,PAPSS2
Module_4751,PAPSS2
Module_12652,MFGE8
Module_12652,ABHD2
Module_4751,ATAD1
Module_4751,PTEN
Module_4751,KLLN
Module_8803,ATP2B1
Module_8803,DUSP6
Module_8803,POC1B
Module_8803,GALNT4
Module_1814,LRRC8B
Module_32409,ANKRD6
Module_34462,CLDN12
Module_34462,CDK14
Module_34476,CDK14
Module_1832,GEMIN8P4
Module_32418,MDN1
Module_32418,CASP8AP2
Module_12685,ZNF710
Module_12685,IDH2
Module_37764,SPIN1
Module_37766,SPIN1
Module_4776,PANK1
Module_4776,SLC16A12
Module_4776,KIF20B
Module_4776,LIPA
Module_4776,IFIT5
Module_12720,HDDC3
Module_12727,HDDC3
Module_12720,FURIN
Module_12727,FURIN
Module_12720,PRC1
Module_12727,PRC1
Module_12720,FES
Module_12727,FES
Module_12720,MAN2A2
Module_12727,MAN2A2
Module_12720,RCCD1
Module_12727,RCCD1
Module_12720,UNC45A
Module_12727,UNC45A
Module_1845,ZNF644
Module_1853,ZNF644
Module_12727,VPS33B
Module_34482,AKAP9
Module_37770,SECISBP2
Module_37773,SECISBP2
Module_37770,CKS2
Module_37773,CKS2
Module_1856,CDC7
Module_37783,GADD45G
Module_34493,PEX1
Module_34493,FAM133B
Module_34493,RBM48
Module_7047,FAT3
Module_4779,HTR7
Module_4779,RPP30
Module_4785,RPP30
Module_4779,ANKRD1
Module_4785,ANKRD1
Module_8821,BTG1
Module_12735,ST8SIA2
Module_36487,RUNX1T1
Module_28389,GRID2
Module_28392,GRID2
Module_12752,FAM174B
Module_29952,FAM172A
Module_4794,PPP1R3C
Module_4806,PPP1R3C
Module_1870,MTF2
Module_1870,TMED5
Module_1870,CCDC18
Module_4806,FGFBP3
Module_4806,BTAF1
Module_4806,TNKS2-AS1
Module_10109,GPC6
Module_8833,MRPL42
Module_8833,NUDT4
Module_8833,CRADD
Module_8833,SOCS2
Module_8833,SOCS2-AS1
Module_4810,MARCH5
Module_1889,BCAR3
Module_1889,DNTTIP2
Module_1891,DNTTIP2
Module_1893,DNTTIP2
Module_1889,GCLM
Module_1893,GCLM
Module_7073,FUT4
Module_7073,AMOTL1
Module_34517,PPP1R9A
Module_34517,SGCE
Module_34517,PEG10
Module_37810,ROR2
Module_37811,ROR2
Module_7090,SESN3
Module_4832,MYOF
Module_4832,CEP55
Module_11239,SERPINA5
Module_11241,GSC
Module_10119,LOC101927248
Module_10119,SOX21
Module_10120,SOX21
Module_4848,LGI1
Module_10123,CLDN10
Module_20517,MRPS5
Module_20517,ZNF514
Module_20517,ZNF2
Module_20517,LINC00342
Module_12777,NR2F2
Module_37892,PTPDC1
Module_37892,MIRLET7DHG
Module_37892,LOC100132077
Module_4857,PDLIM1
Module_4857,SORBS1
Module_11310,VRK1
Module_37902,FBP1
Module_37902,C9orf3
Module_20567,LMAN2L
Module_20567,ANKRD36
Module_20567,ANKRD39
Module_20567,FAHD2B
Module_20567,SEMA4C
Module_20567,CNNM3
Module_20567,CNNM4
Module_20567,ANKRD36B
Module_8886,RMST
Module_29998,CHD1
Module_10160,IPO5
Module_10160,RAP2A
Module_10160,MBNL2
Module_12790,LINC00923
Module_34589,TRIM4
Module_34592,TRIM4
Module_34593,TRIM4
Module_34592,GJC3
Module_34593,GJC3
Module_34593,AZGP1P1
Module_34593,ZKSCAN1
Module_28411,EIF4E
Module_28411,ADH5
Module_28411,METAP1
Module_28411,TSPAN5
Module_37952,LOC100499484
Module_37952,ANKRD18CP
Module_11321,SETD3
Module_11321,CCDC85C
Module_34617,NYAP1
Module_34625,NYAP1
Module_34617,MEPCE
Module_34617,TSC22D4
Module_34625,TSC22D4
Module_34617,PPP1R35
Module_34617,STAG3L5P
Module_34617,PMS2P1
Module_34617,PILRA
Module_4937,LOC101927278
Module_4937,HPS1
Module_4937,PYROXD2
Module_34646,GIGYF1
Module_34647,GIGYF1
Module_34646,POP7
Module_34647,POP7
Module_11350,EML1
Module_11350,EVL
Module_8899,GOLGA2P5
Module_8899,UHRF1BP1L
Module_34651,SLC12A9
Module_34651,EPHB4
Module_34651,SRRT
Module_34651,TRIP6
Module_34651,UFSP1
Module_7103,ARHGAP42
Module_7103,TMEM133
Module_7111,TMEM133
Module_7129,TMEM133
Module_10197,PCCA
Module_10197,ZIC2
Module_10197,ZIC5
Module_34669,AP1S1
Module_34669,VGF
Module_34669,SERPINE1
Module_34669,TRIM56
Module_34669,PLOD3
Module_34688,PLOD3
Module_34686,FIS1
Module_34688,FIS1
Module_34686,LOC101927746
Module_34688,LOC101927746
Module_34686,COL26A1
Module_34688,COL26A1
Module_36592,COX6C
Module_36592,ANKRD46
Module_36592,POLR2K
Module_36592,RNF19A
Module_36592,SPAG1
Module_37995,GALNT12
Module_37995,ANKS6
Module_20615,RNF149
Module_20615,CNOT11
Module_20615,TBC1D8
Module_34706,POLR2J
Module_37999,ALG2
Module_38000,ALG2
Module_38001,ALG2
Module_37999,SEC61B
Module_38000,SEC61B
Module_38001,SEC61B
Module_37999,TGFBR1
Module_36605,YWHAZ
Module_36605,PABPC1
Module_36605,ZNF706
Module_36609,ZNF706
Module_7129,C11orf70
Module_7129,YAP1
Module_7130,YAP1
Module_39753,GPRASP2
Module_39753,LINC00630
Module_4954,CWF19L1
Module_4954,BLOC1S2
Module_4954,SCD
Module_30011,PAM
Module_30016,PAM
Module_30017,PAM
Module_30011,LINC00491
Module_30017,LINC00491
Module_8926,GNPTAB
Module_8926,DRAM1
Module_34724,LRRC17
Module_34724,FAM185A
Module_34724,RASA4
Module_34724,POLR2J2
Module_34724,UPK3BL
Module_4970,LZTS2
Module_4970,MRPL43
Module_4970,SFXN3
Module_11410,RCOR1
Module_11412,RCOR1
Module_11413,RCOR1
Module_11410,ANKRD9
Module_11412,ANKRD9
Module_11413,ANKRD9
Module_11410,TECPR2
Module_4977,DPCD
Module_4977,POLL
Module_36634,UBR5
Module_4990,FGF8
Module_4990,NPM3
Module_36645,AZIN1
Module_11456,TRMT61A
Module_11456,MARK3
Module_11456,KLC1
Module_11456,BAG5
Module_11456,ZFYVE21
Module_11456,XRCC3
Module_11456,APOPT1
Module_11456,CKB
Module_36648,ATP6V1C1
Module_5018,NFKB2
Module_5018,PSD
Module_5018,FBXL15
Module_5018,CUEDC2
Module_5018,ACTR1A
Module_5018,SUFU
Module_5026,ARL3
Module_5029,ARL3
Module_5032,ARL3
Module_5026,TRIM8
Module_5029,TRIM8
Module_5032,TRIM8
Module_5026,SFXN2
Module_5029,SFXN2
Module_5032,SFXN2
Module_11484,KIF26A
Module_11485,KIF26A
Module_34738,KMT2E
Module_34739,KMT2E
Module_34738,SRPK2
Module_34739,SRPK2
Module_34746,SRPK2
Module_34738,KMT2E-AS1
Module_34739,KMT2E-AS1
Module_11491,INF2
Module_11491,SIVA1
Module_11509,SIVA1
Module_11491,TMEM179
Module_11491,ADSSL1
Module_11509,ADSSL1
Module_11491,AKT1
Module_11509,AKT1
Module_11509,CEP170B
Module_5071,SFR1
Module_5080,GSTO1
Module_5081,GSTO1
Module_5080,GSTO2
Module_5081,GSTO2
Module_8971,CKAP4
Module_8971,NUAK1
Module_8971,POLR3B
Module_8971,TCP11L2
Module_20671,C2orf40
Module_32502,QRSL1
Module_32508,QRSL1
Module_32502,RTN4IP1
Module_32508,RTN4IP1
Module_8979,RIC8B
Module_8980,RIC8B
Module_38050,ABCA1
Module_38056,ABCA1
Module_38057,ABCA1
Module_8996,PWP1
Module_8997,PWP1
Module_8996,PRDM4
Module_8997,PRDM4
Module_34790,NRCAM
Module_10229,FAM155A
Module_9010,WSCD2
Module_28482,CYP2U1
Module_28482,SGMS2
Module_32537,FOXO3
Module_26244,DPPA4
Module_26244,DPPA2
Module_36670,EIF3E
Module_36678,TMEM74
Module_9040,MVK
Module_9040,UBE3B
Module_9040,MMAB
Module_36682,NUDCD1
Module_36682,ENY2
Module_30057,WDR36
Module_30057,TSLP
Module_2048,CSF1
Module_2048,STRIP1
Module_2048,AHCYL1
Module_30074,EPB41L4A-AS1
Module_20731,ACOXL
Module_20732,ACOXL
Module_20732,BUB1
Module_20732,MALL
Module_10260,ANKRD10
Module_9095,FAM109A
Module_9095,SH2B3
Module_20737,BCL2L11
Module_5104,MXI1
Module_26264,CD200
Module_26264,C3orf52
Module_9103,BRAP
Module_9103,ACAD10
Module_34813,DOCK4
Module_34813,TMEM168
Module_34813,ZNF277
Module_34813,IFRD1
Module_10278,SOX1
Module_10283,SOX1
Module_10278,LINC00403
Module_10283,LINC00403
Module_26272,BOC
Module_26272,GTPBP8
Module_2117,LRIG2
Module_2117,AKR7A2P1
Module_2117,SLC16A1
Module_9144,SLC8B1
Module_9144,TPCN1
Module_9144,DDX54
Module_9144,IQCD
Module_9144,PLBD2
Module_7245,HTR3A
Module_7245,ZW10
Module_7245,USP28
Module_10324,F10
Module_28531,ANK2
Module_9164,LHX5
Module_9166,LHX5
Module_9167,LHX5
Module_32613,HDAC2
Module_32613,MARCKS
Module_32613,HS3ST5
Module_32625,HS3ST5
Module_38133,KIAA0368
Module_38133,PTGR1
Module_38133,DNAJC25
Module_38133,ZNF483
Module_38133,GNG10
Module_7259,REXO2
Module_9175,RBM19
Module_34829,MDFIC
Module_30106,TRIM36
Module_30106,CCDC112
Module_30114,CCDC112
Module_30106,PGGT1B
Module_30114,PGGT1B
Module_5133,TCF7L2
Module_10363,CDC16
Module_10376,CDC16
Module_10363,GAS6
Module_10363,RASA3
Module_10376,RASA3
Module_32641,DSE
Module_32641,TSPYL4
Module_32641,TSPYL1
Module_32641,FAM26F
Module_32641,RWDD1
Module_38215,ATP6V1G1
Module_2195,TRIM45
Module_2195,TTF2
Module_7290,TMPRSS13
Module_7290,FXYD6
Module_32658,SLC35F1
Module_36709,MED30
Module_30135,DMXL1
Module_30135,DTWD2
Module_9216,VSIG10
Module_9216,PEBP1
Module_9216,WSB2
Module_9216,RFC5
Module_7321,BCL9L
Module_7329,BCL9L
Module_7330,BCL9L
Module_30141,HSD17B4
Module_26329,B4GALT4
Module_26336,B4GALT4
Module_26336,TIMMDC1
Module_26336,POGLUT1
Module_26336,TMEM39A
Module_26336,IGSF11
Module_20811,LOC100506797
Module_36710,EXT1
Module_5194,SLC18A2
Module_5194,PDZD8
Module_7346,RNF26
Module_7346,MCAM
Module_7358,USP2
Module_7358,THY1
Module_9222,HSPB8
Module_28568,SEC24D
Module_28568,CEP170P1
Module_5205,RAB11FIP2
Module_34876,KCND2
Module_2217,ZNF697
Module_2227,SRGAP2D
Module_2227,PHGDH
Module_26364,GTF2E1
Module_26364,RABL3
Module_26364,NDUFB4
Module_9247,RPLP0
Module_9247,PXN-AS1
Module_9247,PXN
Module_9252,PXN
Module_9247,SIRT4
Module_9252,SIRT4
Module_9247,RAB35
Module_20852,TMEM185B
Module_20852,RALB
Module_36735,COL14A1
Module_7387,SC5D
Module_5228,TIAL1
Module_5228,INPP5F
Module_5228,BAG3
Module_5228,RGS10
Module_20862,GLI2
Module_9299,CAMKK2
Module_9304,CAMKK2
Module_9299,P2RX4
Module_9304,P2RX4
Module_34905,FEZF1-AS1
Module_34905,FEZF1
Module_9330,RHOF
Module_9331,RHOF
Module_9330,SETD1B
Module_9331,SETD1B
Module_9330,PSMD9
Module_9331,PSMD9
Module_9330,TMEM120B
Module_9331,TMEM120B
Module_20892,TSN
Module_20892,CLASP1
Module_20892,TFCP2L1
Module_34909,CADPS2
Module_26396,PDIA5
Module_9343,CLIP1
Module_26401,ADCY5
Module_7414,GRAMD1B
Module_5245,FGFR2
Module_5246,FGFR2
Module_26410,MYLK
Module_26411,MYLK
Module_26417,MYLK
Module_26411,CCDC14
Module_26417,CCDC14
Module_38242,PSMD5-AS1
Module_38243,PSMD5-AS1
Module_38242,PSMD5
Module_38243,PSMD5
Module_38242,LOC100288842
Module_38243,LOC100288842
Module_38242,PHF19
Module_38243,PHF19
Module_38243,TRAF1
Module_5250,NSMCE4A
Module_5255,NSMCE4A
Module_5257,NSMCE4A
Module_5250,ATE1
Module_28602,BBS12
Module_28602,FGF2
Module_28602,SPATA5
Module_9367,CDK2AP1
Module_9367,MPHOSPH9
Module_9367,C12orf65
Module_36761,ZHX2
Module_38269,STOM
Module_28615,SPRY1
Module_28619,SPRY1
Module_38282,DAB2IP
Module_7448,ROBO3
Module_7463,PKNOX2
Module_7463,TMEM218
Module_38299,PTGS1
Module_32723,RNF217
Module_32723,TPD52L1
Module_7478,FEZ1
Module_7478,EI24
Module_7478,STT3A
Module_7478,CHEK1
Module_9399,TMEM132B
Module_9399,AACS
Module_9399,UBC
Module_5294,CHST15
Module_38310,MIR600HG
Module_32741,HEY2
Module_32741,NCOA7
Module_30211,LMNB1
Module_38317,CRB2
Module_38318,CRB2
Module_38319,CRB2
Module_38317,STRBP
Module_38318,STRBP
Module_5320,ZRANB1
Module_5330,ZRANB1
Module_5333,ZRANB1
Module_5320,FAM175B
Module_5320,FAM53B
Module_5330,CTBP2
Module_5333,CTBP2
Module_38346,PSMB7
Module_38346,LOC100129034
Module_38362,ARPC5L
Module_38362,GOLGA1
Module_38362,RPL35
Module_20907,BIN1
Module_20922,BIN1
Module_20907,MAP3K2
Module_20922,MAP3K2
Module_20938,MAP3K2
Module_30233,FBN2
Module_34964,RBM28
Module_34964,MGC27345
Module_20922,ERCC3
Module_20922,CYP27C1
Module_38365,HSPA5
Module_38365,GAPVD1
Module_26534,RPN1
Module_34986,CCDC136
Module_34991,CCDC136
Module_34986,FLNC
Module_34991,FLNC
Module_34986,FAM71F1
Module_34991,FAM71F1
Module_34986,CALU
Module_34991,CALU
Module_34986,LINC01000
Module_34991,LINC01000
Module_34986,ATP6V1F
Module_34991,ATP6V1F
Module_20938,SFT2D3
Module_20938,IWS1
Module_20938,WDR33
Module_20938,AMMECR1L
Module_35001,TNPO3
Module_28629,PLK4
Module_36832,PVT1
Module_36833,PVT1
Module_36834,PVT1
Module_36840,PVT1
Module_36832,MYC
Module_36833,TMEM75
Module_36834,TMEM75
Module_36840,TMEM75
Module_36847,TMEM75
Module_28632,LARP1B
Module_28635,LARP1B
Module_20949,HS6ST1
Module_35017,NRF1
Module_28642,C4orf33
Module_28642,SCLT1
Module_7507,NFRKB
Module_7507,PRDM10
Module_7507,APLP2
Module_7514,APLP2
Module_7507,ST14
Module_7514,ST14
Module_35022,ZC3HC1
Module_35022,TMEM209
Module_35022,KLHDC10
Module_32775,ARHGAP18
Module_7521,ZBTB44
Module_7522,ZBTB44
Module_7523,ZBTB44
Module_7521,ADAMTS8
Module_7522,ADAMTS8
Module_7523,ADAMTS8
Module_38433,TOR2A
Module_38433,SH2D3C
Module_38433,CDK9
Module_38433,PTRH1
Module_38433,FPGS
Module_26588,PIK3R4
Module_38466,FAM102A
Module_38466,PIP5KL1
Module_38466,DPM2
Module_38466,ST6GALNAC4
Module_38466,NAIF1
Module_20972,CCDC115
Module_20972,CCDC74B
Module_20972,PTPN18
Module_20972,SMPD4
Module_20972,IMP4
Module_20972,MZT2B
Module_20972,ARHGEF4
Module_20980,ARHGEF4
Module_38490,URM1
Module_38490,CERCAM
Module_38490,ODF2
Module_38496,GLE1
Module_35060,PODXL
Module_9428,STX2
Module_9428,RAN
Module_36859,ASAP1
Module_32804,AKAP7
Module_38512,NUP188
Module_38512,DOLK
Module_38512,PHYHD1
Module_38512,LRRC8A
Module_32811,MED23
Module_30261,RAD50
Module_30261,IRF1
Module_38522,CRAT
Module_38522,DOLPP1
Module_38522,IER5L
Module_9443,MMP17
Module_38538,ASB6
Module_38539,ASB6
Module_38538,NTMT1
Module_38539,NTMT1
Module_38538,PRRX2
Module_38539,PRRX2
Module_36872,EFR3A
Module_36873,EFR3A
Module_38582,ASS1
Module_38586,ASS1
Module_38595,FUBP3
Module_38595,ABL1
Module_38595,EXOSC2
Module_38595,QRFP
Module_30301,CDKN2AIPNL
Module_30305,CDKN2AIPNL
Module_30305,SEC24A
Module_30314,SEC24A
Module_30305,SAR1B
Module_30314,SAR1B
Module_5386,STK32C
Module_5386,LRRC27
Module_5386,DPYSL4
Module_5386,PWWP2B
Module_7562,ACAD8
Module_7562,VPS26B
Module_7562,GLB1L2
Module_7562,THYN1
Module_7562,GLB1L3
Module_7562,NCAPD3
Module_7562,B3GAT1
Module_38628,PRRC2B
Module_38640,PRRC2B
Module_38628,UCK1
Module_38628,POMT1
Module_5403,INPP5A
Module_38646,RAPGEF1
Module_38650,RAPGEF1
Module_38651,RAPGEF1
Module_35084,TMEM140
Module_21021,MGAT5
Module_38665,NTNG2
Module_35096,NUP205
Module_35096,CNOT4
Module_38673,TTF1
Module_38675,BARHL1
Module_38678,BARHL1
Module_38678,DDX31
Module_38678,GTF3C4
Module_30344,SMAD5
Module_30345,SMAD5
Module_32869,MYB
Module_32870,MYB
Module_32870,AHI1
Module_36887,ZFAT
Module_26644,PPP2R3A
Module_26644,PCCB
Module_26644,MSL2
Module_26644,IL20RB
Module_38748,WDR5
Module_38754,RXRA
Module_30353,WNT8A
Module_38763,COL5A1
Module_30366,EGR1
Module_30366,ETF1
Module_30366,REEP2
Module_30366,HSPA9
Module_30366,KDM3B
Module_38769,OLFM1
Module_26671,MRAS
Module_26671,ESYT3
Module_30381,CTNNA1
Module_26676,FOXL2
Module_26680,FOXL2
Module_26676,FAIM
Module_26676,CEP70
Module_26676,RBP1
Module_26680,RBP1
Module_35143,TTC26
Module_35143,UBN2
Module_35143,ZC3HAV1
Module_38786,UBAC1
Module_38795,C9orf69
Module_38795,NACC2
Module_32916,CCDC28A
Module_32916,NHSL1
Module_32916,FLJ46906
Module_30408,UBE2D2
Module_30408,CXXC5
Module_30425,CXXC5
Module_30430,CXXC5
Module_38836,NOTCH1
Module_32938,CITED2
Module_38867,RABL6
Module_38867,PHPT1
Module_38867,EDF1
Module_38867,TRAF2
Module_38873,TRAF2
Module_38867,C9orf172
Module_38867,TMEM141
Module_38873,C9orf142
Module_38873,FBXW5
Module_38873,ABCA2
Module_38873,PTGDS
Module_28674,MGARP
Module_28674,ELF2
Module_28674,NDUFC1
Module_28674,NAA15
Module_35166,MKRN1
Module_35166,RAB19
Module_35166,SLC37A3
Module_30470,PCDHGC4
Module_30473,PCDHGC4
Module_30470,PCDHGC3
Module_30473,PCDHGC3
Module_30473,PCDHGB7
Module_30473,PCDHGB4
Module_30473,PCDHGB6
Module_30473,PCDHGA11
Module_30479,FCHSD1
Module_30479,ARAP3
Module_28692,MAML3
Module_28692,CLGN
Module_28692,SCOC
Module_26725,ZBTB38
Module_26728,ZBTB38
Module_26728,RASA2
Module_26728,TFDP2
Module_30487,RNF14
Module_30487,GNPDA1
Module_30487,PCDH1
Module_30487,KIAA0141
Module_30506,LOC101926941
Module_30507,LOC101926941
Module_30508,LOC101926941
Module_30506,SPRY4
Module_30507,SPRY4
Module_30508,SPRY4
Module_36929,SLC45A4
Module_36934,SLC45A4
Module_36934,PTP4A3
Module_36940,PTP4A3
Module_26752,PLS1
Module_26752,PCOLCE2
Module_30516,NR3C1
Module_32958,HIVEP2
Module_32958,AIG1
Module_36945,TSNARE1
Module_36963,LYNX1
Module_32981,LTV1
Module_32981,PHACTR2
Module_36971,LY6E
Module_36997,PYCRL
Module_36997,EEF1D
Module_36997,TIGD5
Module_36997,TSTA3
Module_36997,ZNF623
Module_21082,ZEB2
Module_37049,PPP1R16A
Module_37056,PPP1R16A
Module_37049,CYHR1
Module_37056,CYHR1
Module_37049,KIFC2
Module_37056,KIFC2
Module_37049,FOXH1
Module_37056,FOXH1
Module_37049,MFSD3
Module_37056,MFSD3
Module_37049,ARHGAP39
Module_37056,ARHGAP39
Module_37049,LRRC14
Module_37056,LRRC14
Module_37049,RECQL4
Module_37056,RECQL4
Module_37056,C8orf82
Module_26771,PLSCR1
Module_28725,ZNF827
Module_28728,ZNF827
Module_28728,LSM6
Module_28728,SMAD1
Module_2262,NBPF11
Module_30569,JAKMIP2
Module_30569,SCGB3A2
Module_26800,GYG1
Module_26800,HLTF
Module_35266,ZNF425
Module_35267,ZNF425
Module_35266,ZNF398
Module_35267,ZNF398
Module_35266,ZNF282
Module_35267,ZNF282
Module_35266,ZNF786
Module_35267,ZNF786
Module_35267,ZNF212
Module_35267,ZNF783
Module_35267,LOC155060
Module_35267,PDIA4
Module_30605,CSNK1A1
Module_26809,TM4SF18
Module_2274,LOC100996741
Module_33032,PPIL4
Module_33032,GINM1
Module_30661,MYOZ3
Module_30663,MYOZ3
Module_30661,RBM22
Module_30663,RBM22
Module_30661,SMIM3
Module_30663,SMIM3
Module_30661,DCTN4
Module_30663,DCTN4
Module_30661,NDST1
Module_30663,NDST1
Module_30663,ZNF300
Module_35304,REPIN1
Module_35304,ZNF775
Module_35304,LOC728743
Module_35304,RARRES2
Module_2299,MCL1
Module_2299,GOLPH3L
Module_2299,TARS2
Module_2299,ENSA
Module_2299,CTSK
Module_26845,MED12L
Module_26845,GPR87
Module_26851,GPR87
Module_2322,SCNM1
Module_2322,SEMA6C
Module_2322,VPS72
Module_2322,LYSMD1
Module_2322,PIP5K1A
Module_30690,ATOX1
Module_30690,G3BP1
Module_30690,SPARC
Module_30690,LOC100652758
Module_35355,RHEB
Module_33064,RMND1
Module_33064,ZBTB2
Module_33064,AKAP12
Module_2354,S100A11
Module_2354,S100A10
Module_28773,FAM160A1
Module_28773,SH3D19
Module_26861,RAP2B
Module_30699,FAM114A2
Module_30699,MFAP3
Module_30707,GALNT10
Module_2372,NPR1
Module_2372,ILF2
Module_28804,ARFIP1
Module_28804,TIGD4
Module_28804,TMEM154
Module_28804,FHDC1
Module_28804,LOC729870
Module_30724,LARP1
Module_28818,TRIM2
Module_28818,MND1
Module_2385,HAX1
Module_2385,ATP8B2
Module_2385,IL6R
Module_2385,UBAP2L
Module_2385,C1orf43
Module_28833,SFRP2
Module_28833,RNF175
Module_35384,PAXIP1-AS1
Module_35384,PAXIP1
Module_2409,FLAD1
Module_2409,LOC101928120
Module_2409,PYGO2
Module_2409,SHC1
Module_2409,CKS1B
Module_2409,ZBTB7B
Module_2409,ADAM15
Module_2409,PBXIP1
Module_2426,KRTCAP2
Module_2426,SLC50A1
Module_2426,TRIM46
Module_2426,DPM3
Module_26897,SSR3
Module_2485,MEF2D
Module_2485,C1orf61
Module_2513,NES
Module_2513,ISG20L2
Module_2513,CRABP2
Module_2513,RRNAD1
Module_2513,MRPL24
Module_2513,PRCC
Module_2513,HDGF
Module_26904,CCNL1
Module_35418,DNAJB6
Module_26918,VEPH1
Module_30760,CLINT1
Module_33120,ZDHHC14
Module_2541,KIRREL
Module_21155,GALNT5
Module_35438,PTPRN2
Module_30770,UBLCP1
Module_30770,RNF145
Module_33144,TULP4
Module_33160,RSPH3
Module_33160,EZR
Module_33161,EZR
Module_33160,C6orf99
Module_33161,C6orf99
Module_21163,PKP4
Module_21163,CCDC148
Module_30777,TTC1
Module_30786,TTC1
Module_30801,TTC1
Module_30777,PWWP2A
Module_30786,PWWP2A
Module_30801,PWWP2A
Module_26946,SCHIP1
Module_30786,FABP6
Module_30801,FABP6
Module_30786,CCNJL
Module_30801,CCNJL
Module_30801,SLU7
Module_30801,PTTG1
Module_2581,PIGM
Module_2581,ATP1A2
Module_2585,ATP1A2
Module_2581,IGSF8
Module_2585,IGSF8
Module_2581,PEA15
Module_28883,RAPGEF2
Module_2602,NCSTN
Module_2602,COPA
Module_2602,VANGL2
Module_2602,DCAF8
Module_2602,PEX19
Module_33173,LOC729603
Module_26960,PPM1L
Module_26960,KPNA4
Module_26960,SCARNA7
Module_26960,B3GALNT1
Module_2609,USF1
Module_2609,ITLN2
Module_2609,F11R
Module_2609,TSTD1
Module_2609,LOC101928372
Module_26973,SPTSSB
Module_21181,RBMS1
Module_21193,PSMD14
Module_21193,TANK
Module_2639,C1orf226
Module_2639,NOS1AP
Module_21210,FIGN
Module_2675,LMX1A
Module_2711,MPZL1
Module_2711,CREG1
Module_30831,WWC1
Module_21225,B3GALT1
Module_21226,B3GALT1
Module_21234,B3GALT1
Module_21246,CERS6
Module_28928,CBR4
Module_28928,PALLD
Module_30858,GABRP
Module_30859,GABRP
Module_30858,RANBP17
Module_30859,RANBP17
Module_21254,FASTKD1
Module_21254,BBS5
Module_21254,LRP2
Module_2746,GORAB
Module_28956,AADAT
Module_21263,MYO3B
Module_2751,FMO4
Module_2752,FMO4
Module_21267,SP5
Module_21276,GORASP2
Module_21276,TLK1
Module_30910,ERGIC1
Module_30918,STC2
Module_30934,BOD1
Module_2792,CENPL
Module_2792,RC3H1
Module_2792,DARS2
Module_2792,RABGAP1L
Module_2809,RABGAP1L
Module_2792,KLHL20
Module_2792,ZBTB37
Module_2792,GAS5-AS1
Module_2792,GAS5
Module_28958,GALNT7
Module_21325,SP3
Module_2809,MRPS14
Module_2809,KIAA0040
Module_30971,THOC3
Module_30971,CPLX2
Module_30985,RNF44
Module_30985,GPRIN1
Module_30985,FAF2
Module_31028,NSD1
Module_31028,FGFR4
Module_31028,ZNF346
Module_31028,UIMC1
Module_31039,GRK6
Module_31041,GRK6
Module_31041,PRR7
Module_31041,FAM193B
Module_31041,DBN1
Module_31041,PDLIM7
Module_31041,PRR7-AS1
Module_31041,DOK3
Module_27045,TBL1XR1
Module_31067,PHYKPL
Module_31067,RMND5B
Module_31067,NHP2
Module_31067,HNRNPAB
Module_31067,FAM153C
Module_31079,CLK4
Module_31079,COL23A1
Module_21388,TTC30A
Module_31088,RUFY1
Module_31089,RUFY1
Module_31097,RUFY1
Module_31088,HNRNPH1
Module_31089,HNRNPH1
Module_31097,HNRNPH1
Module_21392,RBM45
Module_21392,OSBPL6
Module_31097,MAML1
Module_31099,MAML1
Module_31097,CBY3
Module_31097,CANX
Module_31099,CANX
Module_31099,SQSTM1
Module_31099,MGAT4B
Module_31099,TBC1D9B
Module_31146,MGAT1
Module_31147,MGAT1
Module_31146,FLT4
Module_31147,FLT4
Module_31146,ZFP62
Module_31147,ZFP62
Module_31146,HEIH
Module_31147,HEIH
Module_31146,TRIM41
Module_31147,TRIM41
Module_31146,TRIM52
Module_31147,TRIM52
Module_31146,LINC00847
Module_31147,LINC00847
Module_21407,CWC22
Module_21413,CWC22
Module_21407,ZNF385B
Module_21413,ZNF385B
Module_2865,IER5
Module_2868,IER5
Module_2865,STX6
Module_2868,STX6
Module_21418,ITGA4
Module_28985,TENM3
Module_29005,TENM3
Module_27110,MCF2L2
Module_27110,LINC00888
Module_29012,DCTD
Module_29012,WWC2
Module_29012,WWC2-AS2
Module_27137,EIF4G1
Module_27143,EIF4G1
Module_27144,EIF4G1
Module_27137,CLCN2
Module_27143,CLCN2
Module_27144,CLCN2
Module_27137,PSMD2
Module_27144,PSMD2
Module_27137,CAMK2N2
Module_27144,CAMK2N2
Module_27137,ECE2
Module_27144,ECE2
Module_27137,FAM131A
Module_27143,FAM131A
Module_27144,FAM131A
Module_27137,ALG3
Module_27144,ALG3
Module_27159,EPHB3
Module_27160,EPHB3
Module_29023,STOX2
Module_29030,IRF2
Module_29030,CASP3
Module_29032,CASP3
Module_29034,CASP3
Module_27201,ETV5
Module_29092,CYP4V2
Module_29092,FAM149A
Module_29092,KLKB1
Module_21450,FAM171B
Module_29098,FAT1
Module_21471,GULP1
Module_21471,COL5A2
Module_21483,COL5A2
Module_27257,CLDN1
Module_27270,CCDC50
Module_21506,NAB1
Module_21506,MFSD6
Module_21513,GLS
Module_27272,FGF12
Module_2924,RGS2
Module_27313,ATP13A3
Module_27313,HES1
Module_27316,HES1
Module_27331,LSG1
Module_27331,TMEM44
Module_27331,FAM43A
Module_27340,SDHAP2
Module_27347,SDHAP1
Module_27347,TFRC
Module_27368,FBXO45
Module_27368,WDR53
Module_27368,RNF168
Module_27373,CEP19
Module_27373,PIGX
Module_27373,NRROS
Module_21526,SLC39A10
Module_21537,STK17B
Module_27406,LOC220729
Module_27406,BDH1
Module_27423,RPL35A
Module_27423,LRCH3
Module_2946,NR5A2
Module_2947,ZNF281
Module_2948,ZNF281
Module_2967,LAD1
Module_2967,TNNT2
Module_2994,NAV1
Module_3000,NAV1
Module_3000,IPO9
Module_3006,SHISA4
Module_3006,LMOD1
Module_21599,FZD7
Module_21604,FZD7
Module_21604,ALS2
Module_3052,BTG2
Module_3053,BTG2
Module_3064,SOX13
Module_3068,SOX13
Module_3068,GOLT1A
Module_3068,ETNK2
Module_3117,CNTN2
Module_3117,TMEM81
Module_3133,TMEM81
Module_3133,DSTYK
Module_3133,TMCC2
Module_3133,NUAK2
Module_3133,RBBP5
Module_3163,SLC45A3
Module_3163,SLC41A1
Module_3163,ELK4
Module_3163,NUCKS1
Module_3163,CDK18
Module_21628,NRP2
Module_21635,NRP2
Module_21636,GCSHP3
Module_21636,INO80D
Module_21636,NDUFS1
Module_21636,EEF1B2
Module_21656,KLF7
Module_21669,FZD5
Module_21689,MAP2
Module_21708,CPS1
Module_21708,LANCL1
Module_3291,FLVCR1
Module_3291,FLVCR1-AS1
Module_3291,VASH2
Module_3302,SMYD2
Module_3304,SMYD2
Module_3315,KCTD3
Module_21752,IGFBP2
Module_3318,RRP15
Module_3325,RRP15
Module_3318,TGFB2
Module_3325,TGFB2
Module_3329,TGFB2
Module_21770,CXCR2
Module_21783,VIL1
Module_21783,ARPC2
Module_21783,TMBIM1
Module_21783,CTDSP1
Module_21783,PNKD
Module_21783,AAMP
Module_21844,CHPF
Module_21844,OBSL1
Module_21844,STK11IP
Module_21844,TMEM198
Module_21844,SLC4A3
Module_3388,FBXO28
Module_21875,MRPL44
Module_21875,WDFY1
Module_21875,AP1S3
Module_21875,SERPINE2
Module_21878,SERPINE2
Module_3439,H3F3A
Module_3440,H3F3A
Module_3441,H3F3A
Module_3439,H3F3AP4
Module_3440,H3F3AP4
Module_3441,H3F3AP4
Module_3441,SDE2
Module_3441,LIN9
Module_3474,CDC42BPA
Module_21888,RHBDD1
Module_21888,IRS1
Module_3478,SNAP47
Module_3478,JMJD4
Module_3485,ARF1
Module_3485,MRPL55
Module_3485,C1orf35
Module_3485,IBA57
Module_3550,COG2
Module_3565,EXOC8
Module_3565,TSNAX
Module_3565,C1orf131
Module_3565,EGLN1
Module_3565,GNPAT
Module_3565,SPRTN
Module_21941,B3GNT7
Module_21942,B3GNT7
Module_21949,B3GNT7
Module_21941,NCL
Module_21949,NCL
Module_21959,NCL
Module_21959,LINC00471
Module_21961,PTMA
Module_21963,PTMA
Module_21965,PTMA
Module_21963,PDE6D
Module_21965,PDE6D
Module_21965,NPPC
Module_3579,SIPA1L2
Module_3579,MAP10
Module_21977,ECEL1P2
Module_21977,ALPPL2
Module_21977,ECEL1
Module_3591,KCNK1
Module_22006,NGEF
Module_22028,ARL4C
Module_22031,ARL4C
Module_22076,COPS8
Module_22082,MLPH
Module_22082,RAB17
Module_22095,RAB17
Module_22082,COL6A3
Module_3656,CHRM3
Module_3677,CHRM3
Module_22140,ASB1
Module_22170,KIF1A
Module_22170,C2orf54
Module_22189,FARP2
Module_3696,MAP1LC3C
Module_22206,D2HGDH
Module_22207,D2HGDH
Module_22207,DTYMK
Module_22207,ING5
Module_3703,ZBTB18
Module_3705,ZBTB18
Module_3707,ZBTB18
Module_3703,AKT3
Module_3705,AKT3
Module_3707,AKT3
Module_3717,COX20
Module_3717,HNRNPU
